id,first_name,last_name,email,gender,lat,lag,salary,timez,hair
1,Conrade,MacMenamie,cmacmenamie0@wired.com,Male,37.0259658,66.7784206,$3583.10,1:26 PM,#63f405
2,Jolynn,Matusov,jmatusov1@twitter.com,Female,49.18332,-99.66364,$88961.23,8:15 PM,#6c830f
3,Spence,Jann,sjann2@seattletimes.com,Male,6.10376,124.405998,$94157.28,1:11 PM,#10289a
4,Melodee,Erwin,merwin3@shinystat.com,Agender,41.5782612,-8.1117655,$99349.63,4:21 PM,#e24f52
5,Chic,Puddifer,cpuddifer4@miitbeian.gov.cn,Male,-8.3115,121.6978,$6178.62,2:48 PM,#5df7e4
6,Waylan,Barts,wbarts5@jimdo.com,Male,43.8554024,19.8420937,$14187.72,6:22 PM,#0cf801
7,Dukie,Labon,dlabon6@freewebs.com,Male,44.190357,0.63968,$29699.57,5:03 AM,#254a2b
8,Kenny,Jorgesen,kjorgesen7@nifty.com,Genderqueer,46.7152613,-1.4517985,$43941.23,1:59 PM,#44c605
9,Rudiger,Davinet,rdavinet8@xrea.com,Non-binary,-8.5408,115.1191,$18615.62,3:50 PM,#d21b58
10,Janetta,Francello,jfrancello9@addthis.com,Female,-8.0650276,113.8011498,$73359.03,6:45 PM,#a8e16a
11,Juliette,Backes,jbackesa@npr.org,Genderfluid,65.6727442,21.010757,$32417.48,7:49 PM,#c58cc0
12,Drew,State,dstateb@shop-pro.jp,Male,6.1191928,100.3707441,$65282.30,1:15 AM,#7a14aa
13,Nester,Lorne,nlornec@nhs.uk,Male,48.0589455,34.6153907,$45788.16,10:32 PM,#161cee
14,Eben,Dekeyser,edekeyserd@ted.com,Male,-3.05,31.883333,$37777.42,7:24 AM,#7cdb07
15,Myrta,Maddyson,mmaddysone@reddit.com,Female,46.8318267,29.4620887,$92428.82,12:15 AM,#5493b5
16,Raddie,Hallawell,rhallawellf@usda.gov,Male,44.1580429,133.2645474,$2915.83,9:28 PM,#8710ef
17,Janis,McRobb,jmcrobbg@nyu.edu,Female,-31.4534131,-64.2089174,$4880.44,3:16 PM,#3f4f74
18,Hubie,Ivashin,hivashinh@xrea.com,Male,38.2643887,140.2604198,$25184.96,1:31 AM,#a7ce81
19,Herschel,Robardet,hrobardeti@networksolutions.com,Male,29.5079723,71.2430776,$69625.93,3:45 PM,#dbaef6
20,Rodolfo,Storek,rstorekj@homestead.com,Male,39.8494377,-86.2666463,$43752.28,5:43 PM,#f312af
21,Tomasine,Bytheway,tbythewayk@purevolume.com,Female,43.6158299,13.518915,$23206.09,6:30 AM,#70f1d9
22,Ramsay,Ellerby,rellerbyl@scientificamerican.com,Male,-8.189193,113.6740257,$20013.06,4:57 AM,#a38b93
23,Cecil,Hebbron,chebbronm@ocn.ne.jp,Male,26.5590737,31.6956705,$3368.95,9:10 PM,#adec11
24,Wilbert,Gruby,wgrubyn@kickstarter.com,Male,16.80778,48.10917,$44014.04,5:24 PM,#f5b7fb
25,Mahmud,Mathen,mmatheno@ameblo.jp,Male,22.396428,114.109497,$22089.79,4:44 PM,#0f7e59
26,Kathe,Trevorrow,ktrevorrowp@mysql.com,Female,17.0597577,98.6160674,$11714.07,2:58 PM,#c774f0
27,Ingar,Harpur,iharpurq@example.com,Male,-7.5284147,107.7340132,$42144.26,6:28 PM,#674b10
28,Hannie,Carress,hcarressr@wufoo.com,Female,12.7523556,123.9719166,$6546.40,11:11 AM,#e80215
29,Malynda,Cohn,mcohns@cocolog-nifty.com,Female,-22.8631923,-43.7779091,$18775.58,4:44 PM,#5fa207
30,Cristie,Underdown,cunderdownt@ycombinator.com,Female,29.375859,47.9774052,$80594.08,7:30 AM,#d69d72
31,Evan,Kas,ekasu@go.com,Male,19.3579802,-99.0806088,$92609.71,7:50 PM,#eea664
32,Griffith,Croom,gcroomv@typepad.com,Male,41.5590095,82.6211533,$31964.15,10:54 AM,#a2abf3
33,Arri,Ebertz,aebertzw@scientificamerican.com,Male,62.3946271,17.2842162,$78380.42,5:42 PM,#8a1421
34,Bryna,Muscat,bmuscatx@ycombinator.com,Female,44.8766183,20.0971774,$59288.22,8:40 AM,#3640c0
35,Margalit,Minard,mminardy@mapy.cz,Female,38.1307978,140.8423085,$51034.64,5:53 AM,#682811
36,Stevana,Tipper,stipperz@netscape.com,Bigender,37.5544156,56.9267259,$69044.83,7:40 AM,#d8070c
37,Charmion,Liddle,cliddle10@si.edu,Agender,50.0509609,72.9660737,$77679.92,4:48 PM,#453758
38,Donica,Maggi,dmaggi11@whitehouse.gov,Female,32.64519,35.77722,$23736.72,5:41 AM,#9421d3
39,Merwin,Janicki,mjanicki12@cloudflare.com,Male,16.3513442,121.0927689,$69540.76,10:38 AM,#fbde9f
40,Leesa,Radband,lradband13@icq.com,Female,0.8150687,-77.7165925,$15445.65,3:43 AM,#1abc2c
41,Joaquin,Plowman,jplowman14@ihg.com,Male,34.0716318,134.3493568,$28053.30,10:07 PM,#7b3f70
42,Ansley,Bettison,abettison15@ocn.ne.jp,Female,16.024626,120.200683,$25423.72,11:51 AM,#20a5a1
43,Ulberto,Coyish,ucoyish16@bloomberg.com,Male,9.9004655,13.0544185,$48882.75,11:10 AM,#cc98b8
44,Graham,Boobyer,gboobyer17@auda.org.au,Male,41.4495777,-8.3894249,$98686.41,6:48 PM,#e75266
45,Elihu,Bruffell,ebruffell18@ezinearticles.com,Male,19.2535103,-99.581953,$28211.87,9:49 AM,#b39cd5
46,Tess,Timoney,ttimoney19@techcrunch.com,Female,45.091589,14.1238049,$88601.21,12:29 AM,#81bae3
47,Kincaid,Careswell,kcareswell1a@google.de,Male,-29.5917671,26.667126,$32307.68,9:51 AM,#3c0dd9
48,Roderigo,Cushe,rcushe1b@alexa.com,Male,-11.9007479,-40.7564002,$55295.81,3:42 PM,#4c7bae
49,Larry,Gallimore,lgallimore1c@altervista.org,Male,47.747805,87.51972,$68221.86,4:32 PM,#117baf
50,Carter,McGrotty,cmcgrotty1d@tiny.cc,Male,43.1023643,40.618282,$99228.92,4:54 AM,#f6316f
51,Lydon,Aronoff,laronoff1e@people.com.cn,Male,57.7069317,11.9727803,$54737.19,12:40 PM,#d59572
52,Carree,Glide,cglide1f@sourceforge.net,Female,10.018056,125.663981,$67825.73,6:05 PM,#335898
53,Wilburt,MacAdam,wmacadam1g@businesswire.com,Male,48.8313352,58.1488829,$73180.38,4:15 PM,#cbfbf5
54,Franklyn,Palffrey,fpalffrey1h@nature.com,Male,0.3642599,108.954903,$47244.43,6:50 AM,#ead6c7
55,Gaile,Cammock,gcammock1i@chronoengine.com,Agender,49.363914,14.5786881,$87625.27,12:50 PM,#3ab3d1
56,Zorah,Leakner,zleakner1j@google.com.br,Female,15.1074513,37.5907446,$98310.32,2:09 AM,#086e62
57,Rhoda,Luce,rluce1k@usatoday.com,Female,50.0919002,21.3924958,$10183.89,8:01 PM,#9b1009
58,Leonie,Figgs,lfiggs1l@netvibes.com,Female,-6.147133,106.6232359,$38043.38,6:42 AM,#cac384
59,Inigo,Brabant,ibrabant1m@yolasite.com,Male,5.3673999,10.417181,$18773.61,1:58 PM,#b75d24
60,Tynan,Calan,tcalan1n@etsy.com,Male,6.9149319,3.664859,$66026.10,8:43 PM,#0958e1
61,Cyndy,Leggen,cleggen1o@edublogs.org,Female,53.6920618,-6.3025448,$66652.43,2:52 AM,#b83ed2
62,Kaiser,Yakushkin,kyakushkin1p@google.it,Male,41.5027813,-8.4423541,$36347.96,7:36 PM,#179a13
63,Reg,Logsdail,rlogsdail1q@mapquest.com,Male,-3.0423379,120.1733631,$64648.18,2:07 AM,#26eb0f
64,Gwyneth,Alen,galen1r@phpbb.com,Female,-7.1044542,107.9146687,$6269.26,5:03 AM,#1add8b
65,Ivor,Bolter,ibolter1s@boston.com,Male,-0.8667864,-54.9611836,$40330.34,5:43 PM,#a0682a
66,Tally,Tartt,ttartt1t@aol.com,Female,-22.4836725,-42.2015431,$45613.26,9:52 PM,#b36cd6
67,Aubrie,Lumpkin,alumpkin1u@storify.com,Female,51.12,40.28889,$74887.58,11:04 PM,#5f5756
68,Doralia,McGraffin,dmcgraffin1v@zimbio.com,Female,46.575883,129.85086,$72934.16,6:12 AM,#e9ddc6
69,Maureen,Legerwood,mlegerwood1w@4shared.com,Female,38.731148,-9.3641114,$57232.65,3:32 PM,#f8d65d
70,Clayton,Roscow,croscow1x@dailymotion.com,Male,39.46667,22.73333,$76587.02,2:40 PM,#7c8d1e
71,Jocko,Alner,jalner1y@zdnet.com,Male,37.9331181,102.6293927,$63606.09,3:05 AM,#a9fee9
72,Rutger,Leport,rleport1z@ted.com,Male,14.8221783,120.2851808,$87416.84,1:22 PM,#bc4405
73,Lindsay,Hindenburg,lhindenburg20@whitehouse.gov,Female,49.7234162,18.0785342,$80089.89,1:13 AM,#65c20d
74,Alisander,Cosgrove,acosgrove21@ehow.com,Male,55.6735947,12.5510678,$1579.32,8:00 AM,#3ec65f
75,Laughton,Elsey,lelsey22@merriam-webster.com,Male,42.76631,129.427066,$86204.01,7:28 PM,#31eb0d
76,Warden,Blagbrough,wblagbrough23@51.la,Male,24.47669,32.94626,$96817.14,4:41 PM,#8138c5
77,Bryn,Schoolfield,bschoolfield24@cargocollective.com,Male,37.5910109,70.5577283,$75135.21,6:28 PM,#b74fd0
78,Gelya,Doohan,gdoohan25@nih.gov,Female,-8.5067,115.2298,$12868.41,4:55 AM,#d6ab0b
79,Sergei,Wraggs,swraggs26@theguardian.com,Agender,36.049805,-115.244096,$5370.20,11:22 AM,#3a3b09
80,Adena,Galliver,agalliver27@i2i.jp,Female,42.546675,129.010106,$50827.92,10:35 AM,#fa0e09
81,Walliw,Bent,wbent28@nasa.gov,Female,44.9447526,4.8413855,$5722.45,10:15 PM,#ceecb4
82,Ellette,Ingyon,eingyon29@instagram.com,Female,-7.0777326,113.287085,$77798.40,10:32 PM,#2296f8
83,Gerald,Grigorushkin,ggrigorushkin2a@hhs.gov,Non-binary,47.5477674,46.9961455,$41328.74,5:31 PM,#2496d7
84,Teresita,MacKaig,tmackaig2b@drupal.org,Female,11.1856085,124.9202302,$33866.42,1:48 PM,#97c300
85,Cordie,Phillipp,cphillipp2c@nba.com,Male,40.0672874,20.1045229,$49793.44,6:10 AM,#775ca1
86,Sissie,Oakey,soakey2d@yolasite.com,Female,-8.6866263,-36.2847751,$4884.03,4:33 PM,#06ffa1
87,Olympia,Hawkey,ohawkey2e@amazon.de,Female,-7.3811967,-39.2791011,$87776.74,4:26 AM,#bfc4fa
88,Leanora,Seddon,lseddon2f@ameblo.jp,Female,-8.196,124.5015,$81853.47,8:42 PM,#8e6876
89,Virgilio,Gatchel,vgatchel2g@blogs.com,Male,62.2500936,25.18352,$82878.79,8:33 AM,#15817a
90,Marlene,Newbury,mnewbury2h@privacy.gov.au,Female,-8.605,122.743,$95013.04,11:08 PM,#4a93dd
91,Rosalinde,Legrave,rlegrave2i@archive.org,Female,48.8579687,2.5764306,$29128.46,3:37 PM,#9a93c3
92,Kaye,Ternent,kternent2j@wunderground.com,Female,52.7604883,-8.8950821,$96613.33,7:28 PM,#8dbf15
93,Kelsey,Iddon,kiddon2k@blogs.com,Male,43.9071313,125.3462629,$44217.76,2:50 PM,#73ee2b
94,Ardeen,Borg-Bartolo,aborgbartolo2l@amazon.co.jp,Non-binary,30.21,-97.8,$50538.74,9:45 AM,#deb68f
95,Merrill,Von Der Empten,mvonderempten2m@live.com,Male,38.05106,114.463347,$28282.13,11:04 AM,#e3c470
96,Novelia,Belford,nbelford2n@skyrock.com,Female,-9.9234974,124.649701,$40363.63,3:44 PM,#87058a
97,Evey,Olin,eolin2o@creativecommons.org,Female,-0.2007936,102.5527505,$72510.41,7:21 AM,#2617f3
98,Amalle,Limming,alimming2p@bloomberg.com,Female,14.8801218,-91.4586872,$56343.92,2:21 PM,#7dfc4d
99,Dean,Shearme,dshearme2q@businessinsider.com,Male,-6.1130137,106.1610343,$61560.08,9:29 PM,#7fb219
100,Otho,Reschke,oreschke2r@utexas.edu,Male,55.8431628,13.2986314,$51302.85,7:31 AM,#590be5
101,Gael,Gawkes,ggawkes2s@wired.com,Agender,40.9314367,20.0032794,$81089.97,5:50 AM,#f05d1a
102,Pascal,Leahey,pleahey2t@cnbc.com,Male,38.083437,116.578368,$47405.91,4:59 AM,#0a840a
103,Ethelyn,Gurrado,egurrado2u@wired.com,Female,32.203072,114.513012,$80451.31,12:22 AM,#9f7560
104,Jedediah,Pealing,jpealing2v@rambler.ru,Male,-7.2030729,112.0237903,$90366.11,10:54 PM,#85cce5
105,Chas,Recke,crecke2w@auda.org.au,Male,32.64519,35.77722,$87170.12,2:34 PM,#049625
106,Elnore,Pithcock,epithcock2x@nationalgeographic.com,Female,53.9961392,27.7280809,$81859.10,2:25 PM,#1d5aba
107,Woodman,Larking,wlarking2y@redcross.org,Male,40.7634529,-73.9798808,$51283.48,7:38 AM,#9c0d55
108,Trent,McGreal,tmcgreal2z@blog.com,Male,-1.259553,104.100502,$69692.96,7:54 PM,#360181
109,Lucian,Strettell,lstrettell30@networkadvertising.org,Male,29.287939,121.429477,$9701.15,4:35 AM,#698659
110,Dalli,Plain,dplain31@com.com,Male,49.8686994,36.7138937,$21326.93,6:32 AM,#e1d183
111,Roxie,Mifflin,rmifflin32@nbcnews.com,Female,49.8686994,36.7138937,$84022.05,9:12 AM,#7b22ff
112,Alli,De Mars,ademars33@tripadvisor.com,Female,58.4073691,15.5151157,$62986.00,12:34 PM,#35ed8d
113,Garwin,Martyn,gmartyn34@ft.com,Agender,38.32,-122.64,$50226.82,2:33 PM,#aefb1d
114,Ira,Spradbrow,ispradbrow35@nyu.edu,Female,48.1735752,91.7678144,$31080.23,1:22 PM,#eb9a5b
115,Carolan,Lawday,clawday36@bing.com,Genderqueer,-6.10819,177.33393,$22458.07,12:45 PM,#96f44a
116,Ned,Breede,nbreede37@fotki.com,Male,-8.7615563,116.3574136,$29433.72,2:56 PM,#f0189f
117,Beitris,Santer,bsanter38@lulu.com,Female,46.774511,130.633035,$71419.00,1:35 AM,#95f42d
118,Marj,How,mhow39@ucsd.edu,Female,37.0862154,127.0391832,$28321.92,10:52 PM,#6d6cad
119,Rutger,Doudney,rdoudney3a@hao123.com,Male,43.7728532,26.5290794,$79703.59,9:45 PM,#27fd2d
120,Lavinie,Semiraz,lsemiraz3b@uiuc.edu,Female,28.801077,108.102703,$36598.67,5:26 AM,#279744
121,Pinchas,Beetham,pbeetham3c@google.ru,Male,58.9015864,5.7123282,$86158.28,5:40 PM,#be1e6a
122,Reeva,Skillanders,rskillanders3d@flavors.me,Female,47.2215999,5.9675963,$36259.93,1:34 PM,#475c43
123,Ophelia,Danniell,odanniell3e@aboutads.info,Female,58.9116557,14.8053076,$26314.94,1:49 PM,#87cd01
124,Gardener,Bertolaccini,gbertolaccini3f@liveinternet.ru,Male,47.5341107,21.6379372,$93539.09,5:44 AM,#74f7c2
125,Deck,Kilbourn,dkilbourn3g@wisc.edu,Male,-17.308611,-48.278112,$58066.48,3:40 AM,#31d2bc
126,Pier,Scandrett,pscandrett3h@mozilla.com,Genderqueer,-36.6396492,-64.3080703,$96242.21,7:55 PM,#773968
127,Maurizio,Towsie,mtowsie3i@intel.com,Male,24.663055,118.41315,$52707.94,12:14 AM,#473e16
128,Murdock,Winship,mwinship3j@photobucket.com,Male,-7.7595897,110.8344302,$57404.26,11:29 PM,#cc0366
129,Huberto,Scholling,hscholling3k@google.es,Male,40.3132524,73.4445392,$48444.91,3:29 PM,#85f18a
130,Ambrosi,Curbishley,acurbishley3l@reference.com,Male,22.671042,113.823131,$33955.48,4:38 AM,#26a534
131,Web,Corsor,wcorsor3m@omniture.com,Male,14.609579,120.993122,$19606.02,11:19 PM,#f90de1
132,Ky,Oaten,koaten3n@wikispaces.com,Male,47.731164,87.463427,$29445.17,6:46 AM,#8abff8
133,Bernard,Matisoff,bmatisoff3o@google.com.hk,Male,51.7203863,-9.1115941,$52663.08,7:56 AM,#b12ae2
134,Seamus,Fronsek,sfronsek3p@1688.com,Male,7.847962,122.6495332,$74896.33,6:42 PM,#a86e31
135,Dud,Tregenza,dtregenza3q@google.fr,Male,25.6181943,56.2733747,$22906.09,12:09 AM,#3f3075
136,Barnabe,Tebbitt,btebbitt3r@ovh.net,Male,-6.9377422,106.8679899,$736.63,3:24 AM,#27c717
137,Mame,Glowacz,mglowacz3s@phoca.cz,Bigender,-26.3652019,27.6566853,$3497.89,1:42 AM,#a68f17
138,Gonzales,Camilli,gcamilli3t@eepurl.com,Male,-7.70556,109.03083,$61632.15,4:46 PM,#519f35
139,Michel,Blint,mblint3u@mozilla.org,Female,-6.6758708,-79.032016,$30692.28,12:14 AM,#1c1f58
140,Avie,Hartegan,ahartegan3v@auda.org.au,Female,-7.3765948,112.7405377,$7091.99,5:45 AM,#2b2343
141,Duke,Arenson,darenson3w@msn.com,Male,50.0113078,21.846991,$31033.91,9:31 PM,#44791c
142,Roxane,Hallows,rhallows3x@qq.com,Female,-7.1554,108.7231,$50734.23,8:12 PM,#fa55b8
143,Rosalia,Ablott,rablott3y@mysql.com,Polygender,5.9840985,116.0761121,$68964.64,6:09 PM,#a5ac18
144,Tasia,Janicek,tjanicek3z@cisco.com,Female,-3.1456879,-60.257396,$29856.85,3:56 AM,#b94ebd
145,Stanley,Pluck,spluck40@ow.ly,Male,52.596028,22.1470031,$63647.23,1:30 AM,#15c773
146,Ange,Marconi,amarconi41@comcast.net,Female,-24.0416026,-52.3693218,$92643.17,10:01 PM,#3d4b50
147,Gwenora,Trumpeter,gtrumpeter42@bandcamp.com,Female,-6.4288646,106.9240554,$17062.51,11:47 PM,#1659eb
148,Rurik,Smickle,rsmickle43@xing.com,Male,48.9046915,16.8160548,$60170.93,6:06 AM,#44d7aa
149,Agustin,Mustoo,amustoo44@elpais.com,Male,-32.75,-70.7208115,$52567.36,6:20 AM,#46e249
150,Dell,O'Loughlin,doloughlin45@mac.com,Male,23.2654395,113.3547602,$11690.49,3:14 AM,#b048b0
151,Rosie,Schwandt,rschwandt46@mail.ru,Female,17.7308177,100.2130766,$41072.19,2:03 AM,#b99548
152,Adriano,McReath,amcreath47@ihg.com,Male,9.2964349,99.0571089,$29616.86,6:16 PM,#28ab7e
153,Ulrikaumeko,Nystrom,unystrom48@sina.com.cn,Female,52.55106,18.49897,$84219.75,6:08 PM,#dd685b
154,Corinne,Thrustle,cthrustle49@elegantthemes.com,Female,15.2881534,-91.0894479,$80856.16,11:16 PM,#6cf9e4
155,Cathrin,Bradforth,cbradforth4a@webs.com,Female,56.0265492,12.8055694,$61005.44,9:42 PM,#d563c3
156,Gallagher,Pauli,gpauli4b@marriott.com,Male,16.004175,120.7806412,$34191.76,10:17 PM,#981a8d
157,Pasquale,Keilty,pkeilty4c@ucsd.edu,Male,55.7133263,37.8049211,$87369.22,3:24 PM,#84b9eb
158,Worth,Goffe,wgoffe4d@narod.ru,Male,35.8036079,126.8808872,$5509.62,7:04 AM,#7dc7dd
159,Arlen,Scotchmor,ascotchmor4e@netlog.com,Female,54.2569032,26.0150745,$1073.43,7:27 AM,#945a01
160,Kenton,Dmytryk,kdmytryk4f@rambler.ru,Male,-6.9244486,107.6365834,$78679.70,5:01 AM,#cd73bb
161,Elinore,Sobczak,esobczak4g@cnn.com,Female,-34.4765431,-58.7226377,$87819.24,11:07 PM,#931962
162,Elvis,Telfer,etelfer4h@t.co,Male,21.5743109,105.8215718,$49269.71,12:56 PM,#53181f
163,Livia,Cotillard,lcotillard4i@wikispaces.com,Female,-6.5971469,106.8060388,$84140.33,11:40 AM,#756ca0
164,Pansy,Speariett,pspeariett4j@nsw.gov.au,Female,41.1059592,-8.2213311,$6750.74,8:29 PM,#2e1095
165,Niki,Woolrich,nwoolrich4k@wunderground.com,Male,28.5107872,-81.4828198,$89729.85,1:09 PM,#68e963
166,Bamby,Gook,bgook4l@bbc.co.uk,Female,43.2916776,-0.3696612,$82435.54,4:06 PM,#5464bc
167,Mordecai,Dunniom,mdunniom4m@abc.net.au,Male,32.837949,35.399996,$54116.10,10:02 AM,#ad60f1
168,Hildagard,Tompkiss,htompkiss4n@surveymonkey.com,Female,50.9249111,15.2294387,$91605.72,8:31 PM,#81d9ef
169,Leoline,Sheerin,lsheerin4o@cornell.edu,Female,50.624491,137.02184,$95214.99,2:30 AM,#793100
170,Hashim,Noon,hnoon4p@gov.uk,Male,37.4449168,127.1388684,$31680.77,12:33 PM,#5f5bd5
171,Stefa,Huddlestone,shuddlestone4q@google.co.jp,Female,38.651124,-8.971304,$89198.12,5:03 PM,#502d7e
172,Yulma,Caff,ycaff4r@goo.gl,Male,51.9653089,15.5284132,$39837.62,1:57 AM,#53b757
173,Pablo,O'Fihily,pofihily4s@wunderground.com,Male,45.4698284,13.6405292,$91846.20,11:31 AM,#5f3720
174,Myron,Pick,mpick4t@bbb.org,Male,31.4840951,73.7008274,$75461.41,9:38 PM,#2d1a58
175,Herta,Harling,hharling4u@craigslist.org,Female,40.2549207,22.3420757,$38241.97,12:36 AM,#c90088
176,Andreana,Kuller,akuller4v@artisteer.com,Female,6.7866898,6.9490955,$37627.79,7:35 PM,#8cf094
177,Jeniffer,De Francisci,jdefrancisci4w@wp.com,Female,55.7675702,48.4902341,$88821.11,5:27 PM,#ccd456
178,Debra,Cayford,dcayford4x@macromedia.com,Female,26.641315,100.222545,$38580.40,11:56 PM,#6f49af
179,Emelina,Sibbson,esibbson4y@constantcontact.com,Female,22.691253,114.346251,$40785.81,5:01 AM,#dd6c6f
180,Andres,Gother,agother4z@walmart.com,Male,-7.5450262,111.6556388,$91937.65,11:35 PM,#61687a
181,Horatia,Dysert,hdysert50@sphinn.com,Female,53.4249712,58.9688869,$18629.78,5:28 PM,#7f2fdf
182,Sergei,Mellem,smellem51@linkedin.com,Agender,-8.38225,114.63643,$25617.31,10:37 PM,#29fb44
183,Westley,Meaton,wmeaton52@youtube.com,Male,-9.147484,33.79272,$22209.83,5:41 AM,#532234
184,Gerty,Sapwell,gsapwell53@princeton.edu,Female,34.151624,109.323479,$85359.11,7:46 PM,#5ec01f
185,Wandis,Kalisch,wkalisch54@webmd.com,Female,51.4159,16.4275399,$27307.60,1:52 PM,#10af68
186,Stefano,Edsall,sedsall55@dagondesign.com,Male,-14.4861733,35.253304,$97321.73,4:42 AM,#e92ce4
187,Amalita,Dearnly,adearnly56@yolasite.com,Female,30.375526,104.053225,$7775.38,10:09 PM,#4d3062
188,Loree,Faulkes,lfaulkes57@sphinn.com,Female,49.9092319,18.5234252,$51498.46,8:44 PM,#651082
189,Gabriela,Clohessy,gclohessy58@360.cn,Female,7.6395498,4.7588042,$94166.20,7:04 PM,#453138
190,Sinclare,Innerstone,sinnerstone59@wikispaces.com,Male,-0.9470832,100.417181,$1731.74,5:37 PM,#b3d751
191,Tabb,Darinton,tdarinton5a@tmall.com,Male,7.9500846,-75.3594016,$76587.88,7:40 PM,#198672
192,Granthem,Plaistowe,gplaistowe5b@marketwatch.com,Male,45.260412,131.124079,$13861.75,10:30 AM,#e64c6d
193,Vanessa,Yushkov,vyushkov5c@ameblo.jp,Female,14.7790314,-16.9638997,$3141.67,1:28 AM,#1129c4
194,Tyrus,Faust,tfaust5d@unblog.fr,Male,-12.6358928,-72.5558986,$45631.13,2:04 AM,#5d6dc6
195,Sheri,Baselio,sbaselio5e@nymag.com,Female,-6.2057964,106.7057733,$79149.95,8:36 PM,#d2e489
196,Colly,Burry,cburry5f@squidoo.com,Female,41.3245904,19.4564686,$40829.77,10:15 AM,#de6176
197,Cherilyn,Carver,ccarver5g@dion.ne.jp,Female,45.2821109,19.5712204,$59587.97,9:28 PM,#a9f2cf
198,Barny,Walasik,bwalasik5h@fema.gov,Male,28.39571,107.752611,$35001.07,9:03 PM,#508b1d
199,Susi,Akitt,sakitt5i@phoca.cz,Female,-6.981636,108.308502,$24050.67,4:12 AM,#e133c2
200,Graehme,Shawcross,gshawcross5j@shareasale.com,Male,-29.6216078,-50.534262,$7275.37,4:51 PM,#5e1189
201,Maison,Holby,mholby5k@phpbb.com,Male,-0.2488358,35.7323709,$79312.36,11:39 PM,#f4b42d
202,Carie,Killelay,ckillelay5l@amazon.de,Female,40.660321,43.8869814,$85858.12,12:29 AM,#6cfe64
203,Justina,Clement,jclement5m@mlb.com,Female,49.7923299,13.4915324,$77511.21,3:06 AM,#fc9110
204,Margette,Pendrigh,mpendrigh5n@foxnews.com,Female,53.0172422,19.6212916,$93200.35,4:24 AM,#ceffbd
205,Wenonah,Pilsbury,wpilsbury5o@blogs.com,Female,49.45802,-120.51076,$44231.51,3:26 AM,#ec78ee
206,Valerie,Eastby,veastby5p@telegraph.co.uk,Female,27.917263,118.541256,$34416.24,12:11 PM,#553c02
207,Feodor,Crisall,fcrisall5q@ihg.com,Polygender,-8.3262486,114.9279547,$18527.01,6:03 PM,#2f970d
208,Tootsie,D'Alwis,tdalwis5r@discuz.net,Genderfluid,33.540837,35.5862413,$91931.20,11:25 AM,#518723
209,Elysia,Beaver,ebeaver5s@utexas.edu,Agender,35.242057,116.087054,$61891.74,3:10 PM,#24b31e
210,Dav,Shakespear,dshakespear5t@wikia.com,Male,45.8074308,19.6056613,$56097.86,7:13 PM,#9d2f71
211,Kaja,Tyler,ktyler5u@mozilla.com,Female,32.9320578,130.5063545,$90506.96,1:05 PM,#367778
212,Curran,Jodrelle,cjodrelle5v@sogou.com,Male,-6.5445698,106.22868,$9175.67,11:09 AM,#5f7f86
213,Marj,Shapcott,mshapcott5w@webs.com,Female,-8.4699,121.2227,$89904.29,7:06 AM,#3439cc
214,Sindee,Jeroch,sjeroch5x@gov.uk,Female,41.9844806,21.6211703,$87172.37,9:46 PM,#295e5c
215,Jock,Devine,jdevine5y@tumblr.com,Male,53.1620102,16.6118082,$61258.42,7:30 PM,#76174f
216,Effie,Pendall,ependall5z@msu.edu,Female,39.95,-75.16,$14285.00,8:56 PM,#57202b
217,Felike,Krolak,fkrolak60@skype.com,Male,-28.6903818,26.4577466,$38525.62,10:58 AM,#06a705
218,Orly,Touzey,otouzey61@unesco.org,Female,57.7818019,14.1268727,$17033.35,11:34 AM,#41747c
219,Ricoriki,Putt,rputt62@craigslist.org,Male,24.716803,118.476341,$55686.30,10:37 PM,#9838ca
220,Remy,Casine,rcasine63@zimbio.com,Female,13.2979317,123.7802005,$89743.43,7:15 PM,#779149
221,Bay,Latch,blatch64@goo.gl,Male,13.8811133,123.6886104,$58057.35,9:28 AM,#349ded
222,Dennie,Shillaber,dshillaber65@vimeo.com,Male,-4.7695926,-40.5112755,$47726.64,12:52 PM,#ba9b9d
223,Caressa,Eastlake,ceastlake66@nationalgeographic.com,Female,45.2235244,20.0319685,$9542.18,10:07 PM,#184b9a
224,Myrlene,Axtell,maxtell67@ftc.gov,Female,41.4204087,-8.3676461,$85979.89,3:10 PM,#e2787e
225,Pamelina,Gounard,pgounard68@pagesperso-orange.fr,Female,-26.2938504,27.916505,$37546.96,2:44 AM,#467d84
226,Berkley,Tamlett,btamlett69@nps.gov,Male,59.6845926,16.6212715,$99202.75,3:42 AM,#712371
227,Eddy,Turland,eturland6a@ibm.com,Male,-27.0032601,-49.2435998,$99766.72,7:24 PM,#b2ed68
228,Sean,Feron,sferon6b@bigcartel.com,Female,13.7721417,-88.0766404,$49536.94,12:10 PM,#68d389
229,Britte,Daud,bdaud6c@google.co.jp,Female,21.918725,111.053561,$3946.01,10:59 PM,#ca03d0
230,Libbi,Allard,lallard6d@unblog.fr,Female,51.9696042,18.7966596,$96332.67,10:27 PM,#661b6f
231,Jamaal,Elman,jelman6e@bluehost.com,Male,31.095979,105.094586,$67952.86,1:08 AM,#db4b96
232,Geralda,Braban,gbraban6f@nba.com,Female,-17.8502636,36.9218584,$50040.65,7:24 PM,#f44262
233,Tildy,Flemyng,tflemyng6g@indiatimes.com,Female,10.5646285,-75.1232201,$20451.20,12:12 AM,#85b4e2
234,Jody,Lundbech,jlundbech6h@pinterest.com,Female,56.8802017,52.2966875,$91954.13,11:30 AM,#5e7f40
235,Christie,Dilley,cdilley6i@samsung.com,Male,5.7511525,9.3146014,$83640.94,5:18 AM,#464ee9
236,Anthony,Haddrell,ahaddrell6j@clickbank.net,Male,5.9592535,6.8485009,$56763.84,2:35 PM,#7bcd2e
237,Wenda,Ferreo,wferreo6k@usnews.com,Female,-5.383454,25.7456852,$10315.19,12:16 PM,#d9ff1f
238,Nert,Conring,nconring6l@amazonaws.com,Female,54.6164547,18.1757954,$51691.53,12:30 PM,#dbe55c
239,Beryl,Jannaway,bjannaway6m@godaddy.com,Female,36.7683527,45.7337091,$2808.34,4:23 PM,#cc2268
240,Appolonia,Jemmison,ajemmison6n@arstechnica.com,Female,63.7193825,23.0160462,$77316.19,3:50 PM,#383b91
241,Twyla,Chedgey,tchedgey6o@ft.com,Female,35.6940331,138.5178782,$59987.05,11:09 PM,#a0eee6
242,Bennett,Maddra,bmaddra6p@youtube.com,Male,51.8796,4.5059,$90450.59,11:39 PM,#07b0d7
243,Sue,Sutherns,ssutherns6q@liveinternet.ru,Female,30.033679,119.971302,$52327.24,9:04 PM,#48feba
244,Hodge,Hatje,hhatje6r@wired.com,Male,47.9894676,-4.1116493,$45507.44,11:22 AM,#1d2afc
245,Davey,Beaconsall,dbeaconsall6s@cyberchimps.com,Male,8.2458715,4.8118909,$43635.89,4:26 PM,#b65c8d
246,Jude,Getcliffe,jgetcliffe6t@google.com.br,Male,38.05106,114.463347,$78777.53,8:11 PM,#675a5e
247,Wallache,Simion,wsimion6u@t-online.de,Male,-6.8754582,108.1308481,$23408.13,9:29 AM,#221228
248,Hillary,Finding,hfinding6v@123-reg.co.uk,Female,8.5569109,-79.8716837,$20488.27,9:33 AM,#12aa56
249,Ardith,Connikie,aconnikie6w@bandcamp.com,Female,-14.1187849,-72.2475967,$57133.22,7:04 AM,#af1776
250,Shandy,Keeves,skeeves6x@livejournal.com,Female,-6.8973,113.5316,$37179.06,11:04 PM,#50dbc3
251,Lillian,Snowman,lsnowman6y@weather.com,Female,29.7444645,105.7948814,$65341.48,7:22 AM,#2fa189
252,Brnaba,Steggals,bsteggals6z@symantec.com,Male,52.4271002,21.6349927,$29122.23,10:49 PM,#8ef0d0
253,Kermie,Edgehill,kedgehill70@delicious.com,Male,63.6045211,24.9388982,$99281.55,7:25 PM,#527170
254,Randee,Gapper,rgapper71@dailymotion.com,Female,50.1097212,36.1155026,$91714.09,9:20 AM,#9fa923
255,Dietrich,Hackelton,dhackelton72@msu.edu,Male,49.7517708,17.919916,$68533.35,1:42 AM,#b22886
256,Abba,Phalip,aphalip73@chron.com,Male,59.3947609,5.3329119,$93214.55,6:11 AM,#0a38a2
257,Terry,Deware,tdeware74@alibaba.com,Male,31.364902,108.249509,$89082.56,10:56 AM,#854e52
258,Millard,Makinson,mmakinson75@yahoo.com,Non-binary,18.2291677,-78.1393397,$28659.47,12:07 AM,#3b304d
259,Coralyn,Strevens,cstrevens76@infoseek.co.jp,Female,-22.9841765,-43.2209394,$38861.78,11:28 PM,#409a84
260,Alika,Sturton,asturton77@elpais.com,Female,48.99534,-123.8161,$80231.37,5:46 PM,#e95b9d
261,Charline,Shorto,cshorto78@globo.com,Female,36.2407094,139.1910402,$20923.52,1:32 AM,#8ed336
262,Petronella,McLanachan,pmclanachan79@geocities.com,Female,10.3307399,123.8822107,$65711.55,11:06 AM,#97f7cc
263,Perla,MacCaffrey,pmaccaffrey7a@storify.com,Female,-29.9629768,-51.629387,$14095.74,9:52 PM,#f350df
264,Lorraine,Stollmeier,lstollmeier7b@miibeian.gov.cn,Polygender,47.07472,35.14444,$93291.18,10:37 PM,#c4014c
265,Fran,Meadway,fmeadway7c@twitpic.com,Male,41.535,60.34556,$9483.22,1:07 PM,#b41d47
266,Elianore,Penlington,epenlington7d@fda.gov,Female,52.3612714,4.8827921,$6651.00,3:35 AM,#fbd253
267,Kinny,Spensley,kspensley7e@reuters.com,Male,26.394403,111.314117,$77071.70,1:21 AM,#34c41d
268,Meggie,Warcop,mwarcop7f@google.co.uk,Female,13.9778279,-89.5639119,$44512.05,4:42 AM,#73f32d
269,Pearl,Kezar,pkezar7g@so-net.ne.jp,Female,10.3765284,106.3438891,$53754.78,3:55 AM,#d188c6
270,Aubert,Bastiman,abastiman7h@parallels.com,Male,37.4056028,139.7874841,$22594.67,7:02 PM,#043157
271,Dukie,Salman,dsalman7i@time.com,Male,11.825138,42.590275,$90205.89,12:43 AM,#4b5ca7
272,Connie,Butterick,cbutterick7j@europa.eu,Male,40.6897403,22.9541166,$3832.95,9:59 AM,#103654
273,Viole,Beagley,vbeagley7k@nifty.com,Female,13.9501075,7.6710889,$4268.31,1:31 PM,#56b9b4
274,Domingo,Harral,dharral7l@biglobe.ne.jp,Male,49.9749295,82.6017244,$61628.55,10:00 PM,#d2d8b9
275,Sibyl,Oldknowe,soldknowe7m@instagram.com,Female,45.3665513,-73.9713406,$22927.29,7:38 PM,#cb4d8e
276,Ardis,Moutray Read,amoutrayread7n@sitemeter.com,Female,44.348809,133.9326833,$63142.33,6:31 PM,#6f88d0
277,Brittney,Fehner,bfehner7o@dyndns.org,Female,45.7595382,4.8310921,$94000.01,12:07 PM,#9ccd35
278,Jeni,MacCosty,jmaccosty7p@ameblo.jp,Female,49.5216159,22.937308,$68022.47,11:27 PM,#a8cfc9
279,Barnett,Gillooly,bgillooly7q@go.com,Male,51.4057505,-2.5573746,$3240.15,5:48 AM,#c91807
280,Delcine,Jordanson,djordanson7r@wordpress.org,Female,30.574474,103.923651,$96680.09,10:27 AM,#a9f7b5
281,Dominic,Hoble,dhoble7s@cnn.com,Male,51.5742615,5.0840393,$57049.33,10:42 PM,#dbd47a
282,Angus,Bache,abache7t@seesaa.net,Male,46.8700877,43.0650548,$74572.35,10:10 AM,#fd390d
283,Benjamen,Rooms,brooms7u@ucla.edu,Male,22.299866,113.058484,$38596.75,5:36 AM,#db07a8
284,Michael,Labell,mlabell7v@stanford.edu,Male,-26.424537,-49.5483671,$79783.49,11:46 AM,#c2856d
285,Charmain,McLice,cmclice7w@jiathis.com,Female,-9.62074,119.56671,$77632.39,11:02 PM,#bf3252
286,Gloriane,Borges,gborges7x@answers.com,Female,7.1760285,125.4423957,$81925.89,4:13 PM,#5922b9
287,Jarib,Perle,jperle7y@technorati.com,Male,40.7553689,-8.6455126,$50191.86,10:28 PM,#33f5d7
288,Waly,Hensmans,whensmans7z@netvibes.com,Polygender,39.4883941,-8.3535831,$39888.43,10:30 PM,#1a23fe
289,Kynthia,Krysztofowicz,kkrysztofowicz80@amazon.co.jp,Female,10.6253016,103.5233963,$91451.04,1:25 AM,#b271ba
290,Daffi,Askew,daskew81@biglobe.ne.jp,Genderfluid,32.9547248,-8.216481,$89401.37,5:37 AM,#d9a78f
291,Rocky,O'Hagerty,rohagerty82@technorati.com,Male,48.2046068,33.0697214,$80318.17,1:42 AM,#ded978
292,Chrotoem,Solman,csolman83@digg.com,Male,-15.2475119,-40.2509918,$63455.79,10:01 PM,#80b968
293,Damiano,Rodear,drodear84@tripadvisor.com,Male,47.6015566,-122.3323351,$33539.10,2:05 PM,#6af70a
294,Allistir,Couves,acouves85@gov.uk,Male,-12.5909084,-69.1963141,$27164.48,10:16 PM,#d1998b
295,Krystle,Fielden,kfielden86@prweb.com,Female,58.3556892,51.5974391,$18659.37,3:08 PM,#2a28e7
296,Karita,Giacobillo,kgiacobillo87@mtv.com,Female,34.41096,36.75879,$1334.54,11:49 AM,#9dd75a
297,Gates,Trinbey,gtrinbey88@tripod.com,Female,55.5808883,42.0289058,$78057.68,11:29 PM,#1c1218
298,Edouard,Barltrop,ebarltrop89@ibm.com,Male,48.0793507,20.7653961,$1968.78,2:36 AM,#2274d6
299,Hedi,Abbe,habbe8a@imageshack.us,Female,51.2760107,22.5807371,$86078.20,1:38 AM,#203d02
300,Prisca,Jessopp,pjessopp8b@arizona.edu,Female,50.4056168,16.2909777,$70634.02,11:37 AM,#a1c3e5
301,Dylan,Fewell,dfewell8c@google.nl,Male,33.570769,117.015187,$39640.17,11:47 AM,#0d0ab3
302,Tomasine,Pester,tpester8d@baidu.com,Genderqueer,-6.5294,106.1719,$96368.94,9:20 PM,#f85b94
303,Caron,Toll,ctoll8e@linkedin.com,Female,-28.7415512,30.461686,$77560.22,5:32 AM,#45bc30
304,Cristian,Skottle,cskottle8f@mozilla.org,Male,44.3287491,-76.1635651,$40782.56,3:31 PM,#6dc245
305,Jedidiah,Broomer,jbroomer8g@linkedin.com,Male,51.645278,94.265833,$70242.14,2:17 AM,#09f18d
306,Katharina,Gynn,kgynn8h@dion.ne.jp,Female,46.0082081,14.3592112,$14778.32,1:48 PM,#7d98f2
307,Sabine,Cruz,scruz8i@yahoo.co.jp,Female,49.2626871,30.830724,$74226.15,11:09 AM,#4ce039
308,Giacobo,Chopin,gchopin8j@dell.com,Male,12.2551576,122.0533593,$24435.36,4:34 AM,#47a92a
309,Barry,Dawkes,bdawkes8k@umn.edu,Male,-4.9426131,39.7433571,$45412.65,10:49 AM,#ca4dd6
310,Aymer,Byrnes,abyrnes8l@usa.gov,Male,-7.7029847,114.0147669,$80959.48,5:10 PM,#d7877e
311,Elden,Pitchford,epitchford8m@ow.ly,Male,9.9160172,123.9154682,$46552.88,7:10 AM,#f08d4a
312,Laurence,Laborda,llaborda8n@theguardian.com,Male,-6.8057733,107.5609228,$1266.45,8:13 PM,#80324e
313,Netta,Undrell,nundrell8o@blog.com,Female,9.3257165,-73.8654295,$66709.57,11:15 AM,#cf7e49
314,Alford,Brackenbury,abrackenbury8p@php.net,Male,48.7853082,2.072661,$88628.96,4:07 AM,#cfb79a
315,Gayler,Golby,ggolby8q@upenn.edu,Male,32.4438,35.20184,$27397.58,4:14 AM,#9e9d91
316,Parsifal,Pellitt,ppellitt8r@theglobeandmail.com,Male,47.801401,121.293284,$4584.02,9:19 PM,#51b1bb
317,Jeffry,Conaghy,jconaghy8s@networkadvertising.org,Male,29.693316,120.167774,$68425.01,1:59 AM,#c3c6ff
318,Zulema,Pendrick,zpendrick8t@shutterfly.com,Female,9.0707553,-79.4816378,$87166.32,4:04 PM,#a9fd74
319,Robina,Scogings,rscogings8u@jimdo.com,Female,58.6247472,59.8241142,$13432.87,9:56 AM,#e5c04a
320,Fiorenze,Baskeyfield,fbaskeyfield8v@51.la,Female,60.7990211,28.0089189,$16024.69,12:13 PM,#892eb4
321,Reba,Marven,rmarven8w@sourceforge.net,Female,19.2030655,-99.5478784,$29494.01,5:10 PM,#44b2e6
322,Anna-maria,Knapper,aknapper8x@purevolume.com,Non-binary,-10.33899,-77.16943,$53003.91,10:46 AM,#2e9414
323,Dougy,McClunaghan,dmcclunaghan8y@photobucket.com,Male,31.2570292,121.492796,$56332.64,7:06 AM,#a36974
324,Evie,Bothams,ebothams8z@whitehouse.gov,Female,36.6728694,137.2123102,$19509.63,3:53 AM,#21619b
325,Ronald,Dakhno,rdakhno90@multiply.com,Male,24.7048435,-77.7852575,$41436.39,2:59 AM,#4b2635
326,Verina,Beetlestone,vbeetlestone91@discovery.com,Female,34.65,127.016667,$28080.70,5:19 PM,#b5abd1
327,Ema,Dudley,edudley92@forbes.com,Bigender,4.7300121,96.8619045,$61245.68,7:28 PM,#14c691
328,Collie,Cornier,ccornier93@unesco.org,Polygender,-36.7333,-72.9833,$97647.39,7:16 AM,#aa27f5
329,Sanders,Streeten,sstreeten94@gov.uk,Male,51.4188047,6.9643749,$63182.32,1:37 AM,#6aa353
330,Livvie,Radbourne,lradbourne95@360.cn,Female,34.059263,115.680442,$1632.46,8:45 AM,#f535ab
331,Bald,Gibbard,bgibbard96@elegantthemes.com,Male,0.5471811,-76.1319953,$95715.64,6:33 PM,#0e10a6
332,Dolph,Dunican,ddunican97@google.com.hk,Male,-6.8180048,111.2695981,$22148.49,8:04 PM,#15ebbe
333,Cordelie,Aloshikin,caloshikin98@e-recht24.de,Female,47.5688259,-52.7079539,$59527.90,5:32 AM,#f8f812
334,Shae,Trusler,strusler99@comsenz.com,Male,48.8295482,107.0468263,$31476.79,5:39 PM,#7543e8
335,Anna-diana,Remnant,aremnant9a@sbwire.com,Female,43.7441795,2.511999,$9384.18,9:56 AM,#37c4a5
336,Shandy,Rubartelli,srubartelli9b@wisc.edu,Female,26.567944,106.714374,$65934.71,9:57 AM,#ce295d
337,Ignatius,Kelleher,ikelleher9c@ft.com,Male,40.7163491,19.7502384,$55933.07,7:49 PM,#5d6d50
338,Janeta,MacPeake,jmacpeake9d@friendfeed.com,Female,-28.9510773,28.2526623,$99276.40,6:08 AM,#306d42
339,Jason,Castano,jcastano9e@quantcast.com,Male,39.6920939,-8.4272356,$90437.82,9:09 PM,#659503
340,Lenna,Possel,lpossel9f@bing.com,Female,30.572815,104.066801,$55759.24,10:27 AM,#4ef7bf
341,Stacia,De Bellis,sdebellis9g@tiny.cc,Female,20.003532,110.513149,$22364.33,6:41 AM,#2c0511
342,Tremaine,Dzenisenka,tdzenisenka9h@rambler.ru,Male,41.866056,-8.4064036,$56562.94,5:58 AM,#c806c5
343,Enrique,Waylett,ewaylett9i@tiny.cc,Male,49.395784,17.4190192,$55852.58,5:25 AM,#ac96f2
344,Lauretta,Currer,lcurrer9j@plala.or.jp,Female,0.8150687,-77.7165925,$21783.09,7:27 PM,#22459a
345,Selestina,Bromidge,sbromidge9k@icio.us,Female,4.6096768,101.1064003,$16397.91,3:58 PM,#202935
346,Eleonore,Wisniowski,ewisniowski9l@hexun.com,Female,38.8777496,141.6136391,$49711.01,7:53 AM,#bab7a9
347,Ronni,Wapple,rwapple9m@list-manage.com,Female,58.5023638,13.1702373,$49625.74,9:04 AM,#e84a30
348,Monica,Truelove,mtruelove9n@google.de,Female,-9.6666989,124.3365882,$57494.45,12:11 PM,#1919ec
349,Carmella,Cometson,ccometson9o@privacy.gov.au,Female,17.4555679,103.4627375,$59213.74,1:23 AM,#173676
350,Cory,Duker,cduker9p@dedecms.com,Male,36.4173244,139.2821897,$20130.08,4:49 PM,#79bf3f
351,Finn,Emerton,femerton9q@ed.gov,Male,-8.3647581,123.2162159,$17474.21,5:39 PM,#89bf4a
352,Elenore,Stainson,estainson9r@chron.com,Female,-6.3472173,106.7474013,$16933.72,8:43 AM,#b06061
353,Ashleigh,Sire,asire9s@shutterfly.com,Female,41.880872,123.957208,$25759.44,8:26 PM,#9fa72a
354,Paulette,Hansard,phansard9t@imdb.com,Female,-25.4106487,-57.3609511,$88458.79,6:12 AM,#bfb734
355,Jessie,Cobb,jcobb9u@de.vu,Female,30.8936954,50.0932428,$61520.88,10:17 PM,#b26e3e
356,Edward,Menicomb,emenicomb9v@sakura.ne.jp,Male,-6.8956,113.4758,$13533.22,2:37 PM,#fef801
357,Thomasin,Howison,thowison9w@nps.gov,Female,-22.314459,-49.0586951,$85975.93,10:14 AM,#6df145
358,Vaughn,Vanichkov,vvanichkov9x@51.la,Male,-5.266667,-74.283333,$23205.38,12:53 PM,#96406a
359,Anna-maria,Dik,adik9y@oaic.gov.au,Female,-6.4933318,106.8809319,$69695.24,7:53 AM,#117429
360,Farlay,Vasyukov,fvasyukov9z@harvard.edu,Non-binary,-7.2640313,112.5572887,$89841.26,1:46 AM,#44cc8e
361,Louis,Towson,ltowsona0@twitpic.com,Male,18.3440652,-78.0171776,$65978.72,6:47 AM,#152b21
362,Hal,Fussen,hfussena1@hugedomains.com,Male,14.5806413,121.0036417,$45333.38,5:37 PM,#5d77af
363,Erv,Alcott,ealcotta2@slate.com,Male,43.8732498,-79.002342,$60109.33,8:32 AM,#c6bc18
364,Clemmie,Tomet,ctometa3@cargocollective.com,Male,53.068264,16.136353,$83162.20,10:04 AM,#f3b964
365,Terrill,MacRierie,tmacrieriea4@cbsnews.com,Male,14.5792342,120.9965883,$83953.88,3:20 PM,#2c7f5f
366,Arvie,Ketteringham,aketteringhama5@cdc.gov,Agender,-19.0098182,47.1800893,$21083.77,3:19 AM,#05af37
367,Gustie,Dignan,gdignana6@angelfire.com,Female,55.604205,40.6113806,$88380.43,1:27 PM,#a092fc
368,Carroll,Tomalin,ctomalina7@wiley.com,Female,8.0828988,-80.8460822,$634.98,7:01 AM,#0ac51e
369,Huey,Flinn,hflinna8@businesswire.com,Male,-16.9163431,-56.0249982,$89527.02,6:46 PM,#cddacb
370,Adolphus,Lunck,aluncka9@seesaa.net,Male,48.4902808,39.2712224,$15685.26,1:03 PM,#2beaaa
371,Jeniece,Qualtrough,jqualtroughaa@booking.com,Female,53.0903178,8.9354031,$61626.15,4:47 AM,#800ffb
372,Berti,Bispo,bbispoab@photobucket.com,Male,41.76,-72.69,$1398.54,2:43 PM,#3ffc6a
373,Tanner,Zapater,tzapaterac@ihg.com,Male,42.14389,21.58778,$23246.73,6:37 PM,#2cf3bc
374,Nertie,Menichino,nmenichinoad@oracle.com,Female,38.569555,114.040348,$12158.95,1:27 AM,#ecb81b
375,Ottilie,Bissett,obissettae@dmoz.org,Female,56.076372,35.9263157,$61538.14,4:29 AM,#89aaee
376,Merrily,Bosman,mbosmanaf@marketwatch.com,Female,-6.8973394,112.9565196,$31838.34,11:29 AM,#4ed678
377,Sergeant,Ludewig,sludewigag@nasa.gov,Male,60.429728,15.508083,$75987.81,1:01 AM,#5c4708
378,Joleen,Brownhall,jbrownhallah@baidu.com,Female,52.4657235,18.884747,$98476.92,1:54 PM,#66e2da
379,Jens,Busch,jbuschai@google.fr,Male,37.9656089,23.5677089,$5644.02,5:28 PM,#abda54
380,Lauralee,Piletic,lpileticaj@t-online.de,Female,-6.3991308,106.7411559,$78957.90,4:14 PM,#5be7ff
381,Berty,Fleetham,bfleethamak@sogou.com,Female,23.10848,-82.2474648,$30767.95,11:45 PM,#dda82c
382,Sydney,Benedito,sbeneditoal@tmall.com,Female,-6.9014042,106.8370122,$46558.89,4:18 PM,#dc5806
383,Carroll,Crick,ccrickam@answers.com,Genderqueer,29.9120904,120.6367578,$53683.81,10:19 AM,#6765d5
384,Fidelia,Philippe,fphilippean@godaddy.com,Female,14.6875764,120.9777157,$31079.98,8:45 PM,#b94555
385,Giselbert,Dorning,gdorningao@diigo.com,Male,21.48227,109.924347,$93634.96,5:03 AM,#05ef61
386,Mildrid,Jouning,mjouningap@wsj.com,Female,59.3634364,18.0099272,$81276.08,1:13 PM,#32e8bf
387,Powell,Masham,pmashamaq@dailymail.co.uk,Male,10.1641809,40.6499135,$14724.35,3:11 AM,#8adffb
388,Brandea,Hew,bhewar@list-manage.com,Female,11.111972,125.500634,$33618.32,4:09 AM,#5a53b4
389,Gonzalo,Boon,gboonas@toplist.cz,Male,-7.03126,108.28306,$69235.73,4:40 AM,#c98f2e
390,Mead,Sleeny,msleenyat@netvibes.com,Male,-28.5600363,29.7779991,$37121.91,3:46 AM,#355306
391,Godiva,Doulton,gdoultonau@ebay.com,Female,35.6290935,139.7425844,$44850.18,1:45 PM,#b6c83c
392,Neila,Bartolomieu,nbartolomieuav@theglobeandmail.com,Female,-12.2684648,-41.5612423,$56107.74,7:37 PM,#b93eb3
393,Wolfy,Sawyers,wsawyersaw@bbb.org,Polygender,26.893368,112.572018,$54351.19,2:11 AM,#917d6e
394,Chance,Biernat,cbiernatax@usgs.gov,Male,3.0062022,34.1114621,$11649.32,12:03 PM,#e45493
395,Colas,Bysshe,cbyssheay@addthis.com,Male,63.503807,53.410931,$27731.02,8:46 AM,#02517a
396,Kenn,Fassmann,kfassmannaz@jalbum.net,Male,37.114895,114.839318,$69209.53,11:53 AM,#e5dab7
397,Tove,Hitter,thitterb0@fda.gov,Agender,40.6563433,-8.0551029,$56868.31,3:48 PM,#85da32
398,Garland,MacPake,gmacpakeb1@slideshare.net,Female,39.0041504,-77.0391754,$79304.40,6:14 AM,#cbddde
399,Alanah,Strowthers,astrowthersb2@house.gov,Female,41.387384,128.1744945,$35740.22,8:33 PM,#5f2993
400,Feliks,O'Corren,focorrenb3@oakley.com,Male,-29.8524975,-51.1845782,$73336.69,5:56 PM,#f5ba50
401,Durand,McClintock,dmcclintockb4@mediafire.com,Male,-10.1790674,123.5770012,$4037.29,3:02 AM,#07370d
402,Otha,Raun,oraunb5@acquirethisname.com,Female,14.1501831,121.3167785,$62349.35,2:51 PM,#1ae2c1
403,Rog,Moggan,rmogganb6@newyorker.com,Male,-7.0448624,111.9075351,$40790.26,7:12 PM,#892d01
404,Gaspar,Mawditt,gmawdittb7@csmonitor.com,Male,21.519181,111.463919,$9761.16,1:59 PM,#cc8492
405,Syd,Commander,scommanderb8@ted.com,Male,45.8699,33.99138,$62174.21,7:36 AM,#5bf929
406,Connie,Tebbe,ctebbeb9@last.fm,Male,46.711547,38.2755861,$56590.61,1:01 AM,#941073
407,Floris,Patton,fpattonba@webeden.co.uk,Female,43.9704382,12.4867883,$56521.86,10:17 AM,#d739e7
408,Kerry,Fullerd,kfullerdbb@blinklist.com,Female,-8.401854,114.118103,$83849.97,7:36 AM,#d623d0
409,Violetta,Duggan,vdugganbc@barnesandnoble.com,Female,59.2420906,18.1015207,$4525.91,11:30 PM,#810512
410,Rickie,Blesdill,rblesdillbd@eepurl.com,Female,51.349366,9.7730968,$73925.13,3:34 PM,#31706b
411,Marga,Ahmad,mahmadbe@php.net,Female,30.7446878,120.4910168,$96489.21,11:22 AM,#c0fde2
412,Dre,Tasch,dtaschbf@wikia.com,Female,37.518314,111.144319,$33090.68,12:18 PM,#1e7496
413,Baron,Bonson,bbonsonbg@amazon.com,Male,40.1833826,117.3175737,$33352.36,4:06 AM,#f31d21
414,Tome,Hazelgrove,thazelgrovebh@ihg.com,Genderfluid,6.961969,-75.4190689,$61403.99,2:32 AM,#1be002
415,Vito,Fellgatt,vfellgattbi@latimes.com,Male,22.8025588,104.9784494,$10320.44,5:53 PM,#bfb741
416,Jeanine,Annwyl,jannwylbj@artisteer.com,Female,34.620202,112.453926,$44445.83,6:28 AM,#5f1020
417,Moise,Fairchild,mfairchildbk@cbsnews.com,Male,20.9275148,106.4081983,$70341.56,11:53 PM,#eb36e5
418,Tierney,Ridd,triddbl@buzzfeed.com,Female,47.0163969,-68.1430029,$22316.32,3:18 AM,#142d52
419,Halette,Savege,hsavegebm@nyu.edu,Female,-20.4827446,-55.8108596,$26219.60,9:53 PM,#d64c01
420,Jorry,Kestell,jkestellbn@dedecms.com,Female,4.9741169,9.9353318,$86582.96,1:54 AM,#2888d2
421,Jamie,Kloss,jklossbo@adobe.com,Female,62.1738098,29.2055142,$26120.04,2:13 AM,#8341ba
422,Lawton,Sola,lsolabp@tinypic.com,Male,-7.4842287,112.7330892,$23922.45,3:33 AM,#8e3927
423,Isaak,Dalliston,idallistonbq@chron.com,Male,30.792629,31.62348,$62503.33,8:29 AM,#93d16a
424,Dolorita,Maggiori,dmaggioribr@mtv.com,Female,6.9304836,124.8918574,$34280.01,6:20 PM,#8c7b00
425,Codie,Sheardown,csheardownbs@scientificamerican.com,Male,13.29664,123.756628,$69044.05,4:53 PM,#ab54ad
426,Aylmar,Mighele,amighelebt@webs.com,Bigender,-28.790754,32.100934,$62519.12,9:35 PM,#3ac7b9
427,Hinze,Alner,halnerbu@mac.com,Male,46.2961712,14.8062347,$35517.19,8:27 PM,#13b570
428,Corette,Mottram,cmottrambv@webmd.com,Female,39.0961273,-9.2729402,$66070.87,7:27 PM,#94d859
429,Boyd,Mepsted,bmepstedbw@ycombinator.com,Male,59.2766517,15.2072783,$12015.69,5:56 PM,#106cc5
430,Drona,Allery,dallerybx@lycos.com,Female,38.2498796,-7.9000381,$79838.23,9:17 AM,#4092ce
431,Sada,O' Clovan,soclovanby@mayoclinic.com,Female,13.5369065,-87.485158,$21455.62,8:32 AM,#004377
432,Thor,Heindrick,theindrickbz@fc2.com,Male,49.7165109,13.0706469,$15631.96,3:29 PM,#f2c24b
433,Elbert,Bish,ebishc0@1688.com,Male,39.4587784,76.0001092,$25854.49,2:25 PM,#1c6dc2
434,Antonina,Wooder,awooderc1@mapquest.com,Female,39.989944,116.179599,$95796.09,2:06 PM,#3436b8
435,Saloma,McKnockiter,smcknockiterc2@github.com,Female,29.8812097,80.7657804,$54370.44,12:45 AM,#16492e
436,Fulvia,Sivier,fsivierc3@imageshack.us,Female,-18.6517964,-48.1904503,$25797.00,7:42 PM,#1a182d
437,Victoria,Tregea,vtregeac4@icq.com,Female,39.9391612,116.4578203,$57105.37,4:19 PM,#e35988
438,Missy,Towhey,mtowheyc5@oaic.gov.au,Female,47.5173564,42.1602043,$18150.17,10:21 PM,#6edbdd
439,Illa,Monelli,imonellic6@army.mil,Female,28.46763,119.922796,$70250.16,3:51 AM,#66fa2c
440,Llywellyn,Hatcliffe,lhatcliffec7@cisco.com,Male,13.2409585,123.7750159,$81998.36,11:32 PM,#2037c5
441,Jsandye,Buer,jbuerc8@google.ru,Female,29.561775,106.568971,$22007.94,12:00 AM,#f8a2e6
442,Merle,Carrigan,mcarriganc9@miibeian.gov.cn,Male,28.365818,121.061097,$93248.22,9:01 AM,#86f818
443,Lotty,Whenham,lwhenhamca@hubpages.com,Female,42.2685369,86.8680361,$50295.05,5:02 AM,#6ce4ce
444,Trixi,McKee,tmckeecb@networkadvertising.org,Female,51.6861013,5.2933198,$15552.34,5:43 PM,#df91cf
445,Louie,Lakenden,llakendencc@homestead.com,Male,49.893413,16.028504,$54628.82,4:50 AM,#4380af
446,Misti,Bantham,mbanthamcd@noaa.gov,Genderqueer,55.9118986,12.8316075,$89332.62,5:28 PM,#4f40ca
447,Dannel,Jikovsky,djikovskyce@flickr.com,Male,30.6297222,119.8255556,$57136.55,10:56 PM,#056dc0
448,Lurleen,Oleksinski,loleksinskicf@dedecms.com,Female,33.644743,115.177188,$84653.21,1:27 PM,#27bf86
449,Shannah,Broadfoot,sbroadfootcg@altervista.org,Female,55.9070639,52.2871629,$20474.77,10:43 PM,#e52664
450,Nero,Newbold,nnewboldch@google.co.jp,Male,16.2093368,100.3722477,$63926.36,9:40 PM,#6dbf01
451,Gary,Garroch,ggarrochci@usnews.com,Male,55.2160303,56.1396282,$7277.95,2:40 PM,#c59975
452,Eddy,Izac,eizaccj@reddit.com,Agender,-23.277052,-51.2803152,$45982.13,9:41 PM,#262be9
453,Manfred,Butfield,mbutfieldck@angelfire.com,Male,48.8537451,2.53823,$95720.90,12:07 AM,#db9dbb
454,Tuckie,Albiston,talbistoncl@fc2.com,Male,9.1495559,39.0241756,$94234.80,4:27 PM,#2f8396
455,Billie,Pizey,bpizeycm@dropbox.com,Female,16.7137921,104.7345937,$16093.53,10:07 AM,#04a93b
456,Selle,Lezemere,slezemerecn@people.com.cn,Bigender,33.765469,113.994752,$83079.47,9:21 PM,#eddc7e
457,Rhonda,Wixey,rwixeyco@moonfruit.com,Female,41.403128,119.64328,$95290.75,3:45 PM,#1a179b
458,Kienan,Street,kstreetcp@ed.gov,Male,40.081331,111.395534,$44974.37,4:27 AM,#c751ae
459,Aluino,Girodon,agirodoncq@mtv.com,Male,46.6473105,0.813275,$65005.32,9:59 PM,#fc6d1f
460,Ethelda,Hyndson,ehyndsoncr@oracle.com,Female,-7.5088,108.2386,$39780.15,8:11 PM,#a4e4e3
461,Mikol,Etteridge,metteridgecs@people.com.cn,Male,33.39722,101.956537,$85533.74,10:36 AM,#f7e215
462,Stanleigh,Domotor,sdomotorct@house.gov,Male,39.9041999,116.4073963,$89751.37,12:32 PM,#373149
463,Reade,Milstead,rmilsteadcu@go.com,Male,32.2774243,35.8397748,$29686.23,11:32 PM,#d6da49
464,Koo,Darlaston,kdarlastoncv@indiatimes.com,Female,31.922974,118.663681,$19893.95,9:47 AM,#755b09
465,Afton,Hughes,ahughescw@weibo.com,Female,33.026386,106.002647,$12127.26,9:03 PM,#83db50
466,Nert,Krysztowczyk,nkrysztowczykcx@cnet.com,Agender,-17.4086322,32.2256803,$77625.93,4:58 PM,#f4ec96
467,Aurelie,Gulberg,agulbergcy@home.pl,Female,9.834832,-75.120521,$65264.60,10:26 PM,#b8d0af
468,Anjanette,Weyland,aweylandcz@japanpost.jp,Female,-1.5904721,-78.9995154,$18261.14,7:14 PM,#268493
469,Harlie,Gresley,hgresleyd0@over-blog.com,Female,58.2774681,11.4424559,$11906.32,10:51 AM,#38e249
470,Tadio,Hollingdale,thollingdaled1@weibo.com,Male,-29.6918991,-51.1255697,$52185.67,3:53 AM,#70e73d
471,Zolly,Dobbs,zdobbsd2@goo.ne.jp,Male,36.307064,120.39631,$72498.66,6:55 AM,#7113c0
472,Angelo,Warrick,awarrickd3@angelfire.com,Genderqueer,39.026091,-95.7226884,$34487.69,1:00 AM,#0ee759
473,Humfrid,David,hdavidd4@wix.com,Male,60.7610412,-135.1742264,$94889.14,1:43 PM,#9a33e0
474,Gerrilee,Kocher,gkocherd5@ustream.tv,Female,36.7904088,138.7920847,$91772.98,9:21 PM,#20e500
475,Ardra,Ovanesian,aovanesiand6@buzzfeed.com,Female,53.0985458,6.0694,$80955.76,3:39 PM,#dde094
476,Christoph,Bettesworth,cbettesworthd7@mysql.com,Male,-32.9867567,-60.644128,$44613.01,7:04 PM,#7f7147
477,Burg,Danilchik,bdanilchikd8@cnn.com,Male,49.6927765,75.5895888,$5957.20,2:15 AM,#c541b8
478,Celisse,Jewes,cjewesd9@howstuffworks.com,Agender,19.638192,-99.079824,$20598.54,5:29 AM,#8bae93
479,Federica,Prince,fprinceda@devhub.com,Female,-1.4577245,36.9785033,$34698.83,1:06 AM,#423b21
480,Garrott,Bristowe,gbristowedb@fema.gov,Male,-10.8778699,26.5963713,$58494.91,11:24 AM,#2e038e
481,Marget,Utteridge,mutteridgedc@huffingtonpost.com,Female,40.052684,20.1581282,$19540.70,12:44 AM,#23e5f2
482,Harmonie,Gilvear,hgilveardd@jugem.jp,Female,30.04952,101.96231,$35545.89,9:34 AM,#e53bee
483,Lennard,Farrah,lfarrahde@intel.com,Male,38.277028,109.720309,$50792.91,8:17 AM,#e5aa92
484,Salem,Hugli,shuglidf@nyu.edu,Male,40.946869,22.4510542,$14345.66,10:42 PM,#874cc1
485,Orazio,Ioannou,oioannoudg@nps.gov,Male,27.6376503,30.8510692,$50560.56,6:13 AM,#23e04e
486,Lotta,Gilchrist,lgilchristdh@acquirethisname.com,Agender,53.3881832,-6.2611953,$47325.57,2:44 AM,#94120a
487,Cullan,Sacase,csacasedi@sphinn.com,Male,13.74372,-15.7732633,$83676.96,10:49 PM,#f90803
488,Marcelia,Lasty,mlastydj@hostgator.com,Female,39.109563,117.223371,$40338.85,1:51 AM,#c45375
489,Tommi,Dobbins,tdobbinsdk@cdbaby.com,Female,42.73547,47.1378,$4764.03,4:01 PM,#786e34
490,Latisha,Langfat,llangfatdl@exblog.jp,Female,29.0661274,31.0993845,$83386.82,10:20 AM,#909efd
491,Randene,Birbeck,rbirbeckdm@marriott.com,Genderqueer,-38.977251,-67.826868,$9804.55,4:22 AM,#cb1414
492,Tibold,Chapier,tchapierdn@oracle.com,Male,-6.8448925,108.7883125,$86909.85,5:43 PM,#bf2d06
493,Hagan,Howe,hhowedo@wisc.edu,Male,40.2272711,43.8717749,$22294.10,9:56 AM,#8dde00
494,Carlen,Scaice,cscaicedp@tinypic.com,Female,15.6627727,120.487985,$45097.82,6:02 AM,#24ff68
495,Brockie,Cockayne,bcockaynedq@prlog.org,Male,19.3002127,-70.2535901,$15026.61,11:31 AM,#26472b
496,Barbi,Jenkin,bjenkindr@exblog.jp,Female,27.48051,110.942975,$39217.71,7:11 AM,#6b9d73
497,Cassandra,Bienvenu,cbienvenuds@goo.ne.jp,Female,-14.7710261,-43.0971625,$63919.65,2:58 AM,#524cb8
498,Magdalena,McFadin,mmcfadindt@google.de,Bigender,30.274084,120.15507,$27219.54,7:22 AM,#935171
499,Ruperta,Bootell,rbootelldu@baidu.com,Female,57.4570045,48.5429875,$80427.99,5:57 PM,#92544f
500,Sigvard,Greedier,sgreedierdv@ow.ly,Male,14.7342524,121.0702642,$56754.37,8:41 AM,#fcb9f7
501,Loren,Spowart,lspowartdw@npr.org,Male,7.1302807,-3.2030756,$29042.10,4:30 PM,#45f100
502,Urson,Bexley,ubexleydx@apache.org,Male,26.709056,113.269441,$18963.58,1:54 AM,#984e97
503,Alanson,Jurgen,ajurgendy@columbia.edu,Male,37.9381943,126.5877948,$44080.50,2:01 AM,#4be3f6
504,Raychel,Detoile,rdetoiledz@exblog.jp,Female,12.8644915,121.4804504,$34673.82,10:22 PM,#b14ad0
505,Malachi,Abbets,mabbetse0@clickbank.net,Male,30.8273337,74.1000849,$14776.53,10:01 PM,#aca63c
506,Wilie,Donnachie,wdonnachiee1@friendfeed.com,Female,13.6868427,-14.8797594,$5407.54,10:51 PM,#b4354d
507,Claude,Domeny,cdomenye2@quantcast.com,Female,15.18533,43.51122,$52898.44,8:06 PM,#63fecc
508,Garald,Ions,gionse3@joomla.org,Male,7.59464,6.22476,$10551.11,1:58 AM,#9d93af
509,Anders,Locke,alockee4@umn.edu,Male,24.347324,102.527197,$54084.03,10:46 PM,#ce042c
510,Roch,Vaun,rvaune5@webmd.com,Female,6.1307505,-75.6033497,$16880.73,1:17 PM,#7db5d5
511,Jodee,Stoak,jstoake6@jalbum.net,Female,-27.7557025,24.8270745,$16808.27,11:42 AM,#d6e7f6
512,Baxie,Joynt,bjoynte7@cbc.ca,Male,49.9396574,16.9280562,$54093.62,10:33 PM,#c66b80
513,Lenna,Favelle,lfavellee8@cargocollective.com,Female,59.1691094,18.1643156,$86572.95,6:27 PM,#b1ed94
514,Louella,Poel,lpoele9@zimbio.com,Female,36.8079089,139.9200321,$10405.66,12:19 AM,#9db702
515,Angus,Gibling,agiblingea@state.gov,Male,39.5238734,54.3360001,$99160.78,7:06 PM,#0f1f3b
516,Culver,Camamill,ccamamilleb@networksolutions.com,Male,51.82709,17.4539199,$12924.14,12:37 PM,#5d22bd
517,Gustie,Oddie,goddieec@e-recht24.de,Non-binary,9.1495559,39.0241756,$66271.04,3:03 PM,#cdd72e
518,Zach,Bossingham,zbossinghamed@fema.gov,Genderfluid,53.806868,-9.1327273,$21782.97,12:21 PM,#104fb3
519,Brian,Clayborn,bclaybornee@unesco.org,Non-binary,29.099294,119.692696,$42218.08,8:31 AM,#f2474a
520,Marjory,Gaskamp,mgaskampef@uol.com.br,Agender,-7.1665502,111.9969626,$23884.95,5:26 AM,#39251a
521,Harper,Giacovelli,hgiacovellieg@eepurl.com,Male,50.9076315,128.4136847,$17393.35,1:40 AM,#f4355f
522,Fredia,Heber,fhebereh@phoca.cz,Female,13.3678344,123.3081877,$18526.15,11:46 AM,#c4b579
523,Flora,Peres,fperesei@dailymotion.com,Female,28.0942907,-12.050407,$95494.34,3:10 AM,#c59146
524,Hamnet,Piola,hpiolaej@sina.com.cn,Male,-14.8851268,47.9960743,$83996.06,6:12 PM,#a9a861
525,Tommy,Toretta,ttorettaek@yolasite.com,Agender,-6.5504395,106.7441048,$69853.90,5:37 AM,#6ab9ab
526,Bobbee,Giffard,bgiffardel@japanpost.jp,Female,30.372807,-91.1833043,$60711.48,8:11 PM,#3e0f21
527,Ethelyn,Alcorn,ealcornem@nih.gov,Female,37.9616862,140.8267396,$73208.88,2:29 PM,#bbea39
528,Evvie,Wipper,ewipperen@auda.org.au,Female,-17.4328946,-41.9989718,$87363.40,12:46 AM,#9fd59c
529,Guglielmo,Battams,gbattamseo@ebay.co.uk,Male,27.686251,111.434984,$90890.83,4:45 AM,#bf139b
530,Lucie,Wishkar,lwishkarep@blinklist.com,Female,57.8163425,12.3873642,$79475.09,4:08 AM,#0f5a8e
531,Der,Neville,dnevilleeq@youtube.com,Male,43.7549435,11.2216134,$94436.19,9:10 AM,#79f65c
532,Witty,Dwyer,wdwyerer@gnu.org,Male,27.027081,117.694969,$91009.07,7:29 PM,#395e93
533,Patti,Bemwell,pbemwelles@nature.com,Female,32.200197,118.41697,$18385.03,9:53 AM,#a64ab4
534,Matthew,McGuffog,mmcguffoget@dion.ne.jp,Male,-7.0215218,112.4798088,$86611.53,11:21 AM,#cf5fb4
535,Cayla,Rowley,crowleyeu@reference.com,Female,-10.5732996,-38.4429274,$29954.23,11:12 PM,#433f33
536,Lorna,Conlon,lconlonev@tripod.com,Female,30.79438,115.087221,$78383.85,8:28 AM,#0a0f25
537,Reidar,Boydon,rboydonew@google.co.jp,Male,58.0098083,49.104418,$15431.49,9:35 AM,#3d725e
538,Jamie,Lantaff,jlantaffex@technorati.com,Female,7.7299001,125.1001641,$91151.93,11:08 AM,#b5a3c3
539,Jo-ann,Hartil,jhartiley@businesswire.com,Female,53.66583,91.53639,$37561.46,1:37 PM,#3ede6e
540,Cal,Simonazzi,csimonazziez@nytimes.com,Female,31.385597,120.980736,$55852.31,6:27 AM,#f64a9f
541,Fernando,Jagger,fjaggerf0@harvard.edu,Male,7.8086531,-80.2711588,$11539.49,4:55 PM,#138995
542,Zoe,Milthorpe,zmilthorpef1@twitpic.com,Female,59.8505671,17.6418492,$93580.53,8:07 PM,#e33a7e
543,Giacopo,Ebhardt,gebhardtf2@sina.com.cn,Male,-29.3652193,-51.9580164,$36945.97,10:43 PM,#58076d
544,Adham,Shury,ashuryf3@imageshack.us,Male,52.199771,21.14523,$75979.71,2:26 AM,#158c4f
545,Burty,Sylett,bsylettf4@jalbum.net,Male,39.982718,117.078294,$87768.05,5:00 AM,#b7f8f7
546,Newton,Woodhams,nwoodhamsf5@google.cn,Male,-4.4008685,-68.5247149,$1218.63,3:19 AM,#ef8e67
547,Yank,Hitchens,yhitchensf6@weibo.com,Male,7.619032,125.627616,$34461.37,5:07 PM,#670638
548,Trefor,Hakonsen,thakonsenf7@dot.gov,Male,19.727097,110.319788,$87825.55,11:23 PM,#998a41
549,Giustino,Barff,gbarfff8@wix.com,Male,52.8303055,62.5102237,$95862.49,11:14 PM,#f8ff3a
550,Federica,Domotor,fdomotorf9@ihg.com,Female,57.7694738,12.0110298,$4492.18,7:55 PM,#9ea997
551,Stesha,Londing,slondingfa@patch.com,Female,40.7069884,22.5450139,$22853.35,8:06 PM,#32de8c
552,Reube,Roote,rrootefb@yahoo.co.jp,Male,-7.332353,107.4499404,$28488.47,5:25 PM,#c68b96
553,Aime,Kerner,akernerfc@thetimes.co.uk,Bigender,-8.6573819,121.0793705,$42430.98,2:05 PM,#006a22
554,Seymour,Joskowicz,sjoskowiczfd@nasa.gov,Male,15.1048617,120.9216776,$17241.27,5:45 PM,#68c6d8
555,Nike,Andrich,nandrichfe@independent.co.uk,Female,49.8964958,22.2871234,$20658.88,9:23 PM,#6d2da4
556,Ayn,Kleinhaut,akleinhautff@craigslist.org,Female,7.8401615,99.9423246,$20368.34,1:07 PM,#a15346
557,Annelise,Coudray,acoudrayfg@answers.com,Female,-32.9444147,-62.2288223,$18111.47,3:17 AM,#27175c
558,Alfy,Catcherside,acatchersidefh@hubpages.com,Agender,-10.6823922,-76.2482052,$65378.28,2:59 PM,#8df7ba
559,Ulla,Hanton,uhantonfi@github.io,Female,51.2688569,22.636336,$20165.24,4:54 AM,#a7b7c4
560,Anetta,Giorgio,agiorgiofj@noaa.gov,Female,-7.6608184,111.0892601,$28252.41,12:42 AM,#4fc13e
561,Murdock,Leeson,mleesonfk@guardian.co.uk,Male,-6.9253881,107.7177302,$41379.95,1:07 AM,#f14dd5
562,Aloin,Killough,akilloughfl@istockphoto.com,Male,41.455932,118.106868,$27073.82,3:56 AM,#3370c7
563,Benoit,Teece,bteecefm@studiopress.com,Male,39.0038214,-7.5598116,$12481.09,4:38 PM,#f17645
564,Christan,Boyson,cboysonfn@canalblog.com,Female,22.919769,113.618216,$44755.20,1:48 AM,#35e9c5
565,Loni,Deary,ldearyfo@ihg.com,Female,35.416734,119.526925,$56817.42,3:54 PM,#a767d7
566,Margi,Marney,mmarneyfp@google.com,Female,37.6917333,126.597295,$91994.74,6:44 AM,#869580
567,Lorenza,Bradman,lbradmanfq@nasa.gov,Female,52.7085795,25.3346543,$78464.31,10:03 PM,#aa67ff
568,Shandee,Wattinham,swattinhamfr@google.com.br,Female,27.948308,109.599191,$9908.37,7:55 AM,#8feceb
569,Skell,Colwill,scolwillfs@nytimes.com,Genderqueer,5.523663,-74.234611,$55904.49,12:49 AM,#10ceb0
570,Marie-jeanne,Dumbellow,mdumbellowft@unc.edu,Female,38.5597722,68.7870384,$26347.79,11:46 PM,#9ef877
571,Tailor,Aiskrigg,taiskriggfu@goodreads.com,Male,49.2121445,37.2665006,$17547.03,8:27 PM,#a3ec7d
572,Adey,Le-Good,alegoodfv@cornell.edu,Genderfluid,51.0192046,116.5108072,$5278.42,8:16 PM,#c05ce1
573,Skip,Yurocjkin,syurocjkinfw@hostgator.com,Male,64.0128827,11.496376,$44987.68,7:23 AM,#134b2d
574,Stuart,Waterfall,swaterfallfx@elegantthemes.com,Male,43.4945737,5.8978018,$75614.42,7:18 AM,#d7549b
575,Mirabella,Whall,mwhallfy@trellian.com,Female,-21.609128,166.2143471,$45137.63,6:53 AM,#8f0491
576,Melosa,Twinbourne,mtwinbournefz@tinyurl.com,Female,27.021596,117.879608,$98515.71,3:47 AM,#13b695
577,Hillary,Ritchley,hritchleyg0@jigsy.com,Male,26.974959,112.461956,$5414.34,6:54 AM,#1518f4
578,Susannah,Duerdin,sduerding1@google.de,Female,39.7191273,-8.852352,$37026.38,12:25 PM,#550b35
579,Mallory,Cotterel,mcotterelg2@canalblog.com,Female,59.2690316,18.0588936,$83167.36,11:38 AM,#843602
580,Maurise,Aingell,maingellg3@va.gov,Female,-47.2535728,-72.5729823,$70856.77,9:47 AM,#334be7
581,Brooke,Duckers,bduckersg4@privacy.gov.au,Male,2.2250009,-77.0794705,$72405.00,12:17 AM,#c7cfb8
582,Berte,Ebbers,bebbersg5@indiegogo.com,Female,38.214135,114.877945,$5589.31,9:12 AM,#422128
583,Germana,Brunskill,gbrunskillg6@ehow.com,Female,34.5925622,-117.8194197,$93570.11,5:16 AM,#38d90c
584,Brit,Swaile,bswaileg7@ted.com,Female,43.0429124,1.9038837,$51759.50,4:41 PM,#6f3b05
585,Kirsti,Bradshaw,kbradshawg8@ibm.com,Female,50.4534011,36.8469573,$19376.84,6:04 PM,#1d8d2d
586,Juli,Ortell,jortellg9@intel.com,Female,-3.4097,119.3077,$95124.93,9:24 AM,#04dcb0
587,Zahara,Baterip,zbateripga@delicious.com,Female,63.8205484,20.3036711,$7226.56,6:58 AM,#bc7cce
588,Mommy,Matthewes,mmatthewesgb@tripod.com,Female,11.9404192,108.4583132,$9670.81,9:03 AM,#aceb50
589,Sally,Yearron,syearrongc@samsung.com,Female,-31.2657738,-64.460387,$34353.09,5:36 AM,#82458f
590,Ky,Ivie,kiviegd@tripadvisor.com,Male,52.0629803,19.6406627,$95451.31,3:49 PM,#4a2b6d
591,Bianca,Ronci,broncige@myspace.com,Female,53.7133491,40.9922209,$88175.00,8:28 PM,#74f9ec
592,Corry,Theodore,ctheodoregf@exblog.jp,Female,48.6299901,24.472416,$29690.26,8:15 PM,#9ac8ca
593,Tabor,Dicey,tdiceygg@acquirethisname.com,Male,21.957353,100.452547,$92279.13,7:46 PM,#32fb3d
594,Sherlocke,Uphill,suphillgh@blogtalkradio.com,Male,59.3092322,18.0807273,$42244.65,1:15 AM,#4e4176
595,Libbi,Rao,lraogi@wikipedia.org,Genderfluid,45.2697992,38.148163,$63867.05,4:27 AM,#387db1
596,Ardyce,Botham,abothamgj@barnesandnoble.com,Female,31.026394,103.757315,$90264.44,7:14 PM,#da6e5a
597,Evered,Bartlett,ebartlettgk@edublogs.org,Male,23.092389,113.657419,$53131.45,7:43 AM,#3c9704
598,Sidoney,Klimczak,sklimczakgl@vkontakte.ru,Female,40.9175193,-8.4280201,$86340.64,4:20 PM,#a243bc
599,Alard,McCutheon,amccutheongm@t.co,Male,13.9448964,-86.8508942,$73723.72,2:05 PM,#0ce04d
600,Isidoro,Trehearn,itrehearngn@umn.edu,Male,13.6256926,123.1848939,$10951.17,5:16 PM,#acec5c
601,Loren,Adelberg,ladelberggo@photobucket.com,Male,16.9551818,103.4418676,$6316.37,8:53 PM,#d728d3
602,Bard,Noads,bnoadsgp@yale.edu,Male,49.6354683,16.9953098,$19684.55,2:45 PM,#efb9cc
603,Celestia,Echlin,cechlingq@rakuten.co.jp,Female,-27.4561199,-53.9288773,$20651.17,12:43 AM,#10442f
604,Hildagard,Ritter,hrittergr@creativecommons.org,Genderfluid,49.7694382,13.5090071,$5907.81,4:36 AM,#0e342b
605,Rusty,Agates,ragatesgs@nba.com,Genderqueer,-6.7417447,105.7292491,$77072.10,12:40 PM,#ccae1e
606,Cirilo,Torregiani,ctorregianigt@japanpost.jp,Male,-9.8251183,16.912251,$22577.21,1:26 PM,#9fbbd2
607,Datha,Maureen,dmaureengu@histats.com,Female,53.4116818,58.9860021,$89811.11,3:45 PM,#0f8682
608,Karee,Sharvill,ksharvillgv@elpais.com,Female,39.2166313,77.6012162,$20131.94,1:02 AM,#8dc560
609,Dniren,Osler,doslergw@thetimes.co.uk,Female,36.5380709,115.2792734,$5303.33,8:31 PM,#9224fe
610,Blinnie,Lochran,blochrangx@dot.gov,Female,-6.9122585,113.8257538,$32299.39,12:04 AM,#0af614
611,Jamil,Downey,jdowneygy@hud.gov,Male,52.1253899,29.3297633,$96108.49,2:55 PM,#68ce70
612,Auria,Sambidge,asambidgegz@cornell.edu,Female,33.0524588,-96.795855,$49569.31,8:03 AM,#197511
613,Forrester,Challenger,fchallengerh0@spotify.com,Male,32.6969212,-117.1343318,$22826.23,4:03 AM,#46a582
614,Kaspar,Mioni,kmionih1@oakley.com,Male,-33.6740514,-54.2101894,$44854.41,12:55 PM,#809913
615,Cthrine,Serck,cserckh2@ca.gov,Female,39.8926924,-8.3687908,$38262.37,10:00 AM,#eac9c5
616,Dorrie,Ebbins,debbinsh3@cocolog-nifty.com,Female,46.946681,142.0144982,$69341.73,4:52 PM,#a3961b
617,Janos,Thorn,jthornh4@imageshack.us,Male,55.7784607,27.9323817,$18105.98,5:21 PM,#37986a
618,Fowler,Dunniom,fdunniomh5@bloglines.com,Male,64.8734795,20.3845205,$67740.56,12:00 AM,#8690db
619,Carleton,Monteith,cmonteithh6@netscape.com,Male,7.847962,122.6495332,$24282.16,9:18 PM,#4ca2d4
620,Carline,Gymblett,cgymbletth7@utexas.edu,Female,10.1821342,-67.9165934,$55547.86,8:08 AM,#8a00d4
621,Sonny,Bruinemann,sbruinemannh8@4shared.com,Female,14.5939732,121.0228043,$65553.26,3:49 PM,#7985b4
622,Dillie,Glossup,dglossuph9@123-reg.co.uk,Male,-0.5860463,100.8620804,$43270.05,7:56 PM,#c166e1
623,Lida,Vint,lvintha@ask.com,Female,46.0382687,18.2440979,$56229.76,2:34 PM,#50dfd0
624,Ossie,Haglinton,ohaglintonhb@nature.com,Male,-6.8497345,106.8738909,$11450.31,9:00 AM,#4ef3d6
625,Dylan,Bloore,dbloorehc@jalbum.net,Male,39.099722,121.703208,$75730.65,3:34 AM,#aef461
626,Bail,Iffe,biffehd@imageshack.us,Polygender,14.7013241,104.7885565,$30970.34,8:35 PM,#03298c
627,Ulrike,Skelhorn,uskelhornhe@mit.edu,Female,44.0970463,21.4322091,$34599.41,4:17 AM,#9fdeef
628,Gannon,Delieu,gdelieuhf@dion.ne.jp,Male,39.8032712,113.9849159,$30952.36,3:58 AM,#e0813f
629,Haskell,MacArthur,hmacarthurhg@shareasale.com,Male,49.9378835,40.5529044,$71598.45,11:37 AM,#4c3998
630,Preston,Piatto,ppiattohh@gmpg.org,Male,30.20003,115.038835,$31282.44,10:34 AM,#65e93e
631,Laurie,Grammer,lgrammerhi@delicious.com,Female,12.8818852,-9.9451106,$7192.07,4:42 PM,#9708be
632,Margarethe,Fumagall,mfumagallhj@goo.ne.jp,Genderqueer,53.7131425,-111.743338,$29890.13,12:47 PM,#09900a
633,Glen,Orritt,gorritthk@over-blog.com,Male,47.5745404,-2.3578005,$28173.03,3:53 PM,#6a2d4a
634,Uri,Swanson,uswansonhl@desdev.cn,Male,51.7318422,18.2051618,$18399.67,12:45 PM,#e24d0a
635,Tiffani,Lohoar,tlohoarhm@buzzfeed.com,Polygender,24.848984,116.604574,$88462.94,8:15 AM,#a6666a
636,Piotr,Janisson,pjanissonhn@cyberchimps.com,Male,33.347316,120.16366,$26666.97,8:59 PM,#eb888a
637,Phil,Chifney,pchifneyho@posterous.com,Male,29.7491757,-95.3632107,$91772.17,2:06 PM,#b3d004
638,Sada,Worg,sworghp@tripod.com,Female,13.616911,123.487615,$71551.03,8:22 AM,#150a28
639,Zonda,Yurkevich,zyurkevichhq@plala.or.jp,Female,31.25997,34.2826,$8922.76,7:10 AM,#7ea728
640,Lester,Jandl,ljandlhr@sohu.com,Male,58.0916417,60.7098352,$52567.27,1:45 AM,#ca8736
641,Margeaux,Clibbery,mclibberyhs@so-net.ne.jp,Female,41.0433484,-8.6185446,$78653.38,5:01 AM,#f18efa
642,Waneta,Rottcher,wrottcherht@storify.com,Female,39.7122932,-8.5290447,$10697.79,6:25 AM,#4c96ae
643,Sharla,Mc Pake,smcpakehu@nsw.gov.au,Female,31.878735,117.26467,$19172.04,10:13 PM,#9aec92
644,Fae,Andreolli,fandreollihv@gizmodo.com,Female,33.3338472,69.9371673,$71146.93,11:21 AM,#76e8c7
645,Syd,Balsom,sbalsomhw@g.co,Male,-7.0031703,112.545369,$53133.24,9:19 PM,#288b1d
646,Jo-ann,Caskie,jcaskiehx@ihg.com,Female,26.155061,32.7160121,$39959.46,11:56 PM,#ae9d40
647,Jillayne,Kippen,jkippenhy@odnoklassniki.ru,Female,18.158235,120.644135,$887.60,9:01 PM,#d8c408
648,Marmaduke,Royans,mroyanshz@myspace.com,Polygender,-6.1583904,106.4288088,$33177.47,9:40 AM,#44e3a0
649,Stephine,Giroldo,sgiroldoi0@pen.io,Female,14.661167,107.83885,$13763.66,11:45 AM,#1d696e
650,Valentino,Sive,vsivei1@4shared.com,Male,-31.4180746,-64.2653484,$43714.88,3:00 PM,#59f413
651,Marcelo,Lilion,mlilioni2@cpanel.net,Agender,48.6208,22.287883,$96279.41,6:01 AM,#c91996
652,Stephana,Sleicht,ssleichti3@eventbrite.com,Female,12.6729174,13.616014,$43552.36,1:14 AM,#d1aee8
653,Jeniece,Ouldred,jouldredi4@delicious.com,Female,49.9482828,36.0391858,$9153.15,2:28 AM,#be2ffd
654,Hyacinth,Roote,hrootei5@ocn.ne.jp,Agender,45.2220415,14.6312221,$30958.44,4:31 PM,#828807
655,Diane,McAmish,dmcamishi6@guardian.co.uk,Female,55.456622,60.2122499,$19185.83,2:58 PM,#d77253
656,Natividad,Georgeau,ngeorgeaui7@mlb.com,Female,-8.3162857,124.3654402,$36434.58,12:55 AM,#ccbc4e
657,Georgy,Goodhew,ggoodhewi8@facebook.com,Male,45.2029369,141.7366591,$12193.51,4:41 AM,#a7d7db
658,Antons,Macauley,amacauleyi9@uol.com.br,Genderfluid,-7.258606,108.4444578,$12217.60,12:24 PM,#bd3cdb
659,Harry,Phalp,hphalpia@bbb.org,Male,45.3401583,104.0061889,$37403.62,11:02 AM,#629d80
660,Gratiana,Marioneau,gmarioneauib@wix.com,Female,38.808984,22.6461855,$54915.70,1:21 AM,#953233
661,Dorothee,Tumini,dtuminiic@bluehost.com,Genderfluid,16.0206637,104.3381361,$53704.51,4:02 PM,#81083d
662,Maury,Randell,mrandellid@nba.com,Male,13.2551041,-59.5743195,$60567.64,7:27 PM,#2ae347
663,Arvie,Arnal,aarnalie@drupal.org,Male,53.0637214,26.6392615,$17708.28,7:31 AM,#60b877
664,Claudie,Coule,ccouleif@army.mil,Female,41.2675718,-8.1984042,$69770.81,1:03 PM,#841ebb
665,Licha,Denton,ldentonig@google.ru,Female,-14.9210683,-49.609512,$33386.38,10:03 AM,#d6ace1
666,Cam,Beininck,cbeininckih@umn.edu,Female,44.8237819,19.8828847,$91743.83,3:05 PM,#862016
667,Reggis,Colerick,rcolerickii@china.com.cn,Male,14.8454589,121.0912149,$50550.58,5:33 PM,#2892c3
668,Arlen,Chaulk,achaulkij@ovh.net,Male,22.279062,114.174463,$69271.71,2:40 PM,#cfad9d
669,Nikita,Smees,nsmeesik@typepad.com,Male,-6.3267969,107.2932396,$57363.40,7:05 AM,#4f546d
670,Alanna,Gimblett,agimblettil@imdb.com,Female,24.9909255,51.5493483,$90794.31,7:03 PM,#1abeaf
671,Chane,Kaplin,ckaplinim@pinterest.com,Male,51.9857896,21.1921379,$85614.50,11:37 AM,#ab19e7
672,Luke,Matteris,lmatterisin@webs.com,Male,-8.5497299,115.2199829,$56272.15,1:38 AM,#c3cd29
673,Trev,Mayston,tmaystonio@cloudflare.com,Male,41.5327252,20.4232296,$3522.33,2:13 AM,#de663f
674,Felicity,Hymans,fhymansip@berkeley.edu,Female,58.5748357,11.9906,$49230.42,12:36 PM,#94e0a1
675,Michale,Wilcot,mwilcotiq@chronoengine.com,Bigender,26.312444,99.850365,$98252.59,11:55 PM,#8d8fc7
676,Carolee,Kingescot,ckingescotir@naver.com,Female,42.3569364,24.1115593,$25795.49,7:01 AM,#ba523a
677,Beltran,Eisold,beisoldis@boston.com,Male,31.830035,115.388966,$69538.65,3:47 PM,#82ccfc
678,Rey,Tomini,rtominiit@utexas.edu,Female,46.171607,-71.875654,$70800.92,7:48 AM,#c5a8ce
679,Samson,Storre,sstorreiu@networkadvertising.org,Male,9.9372776,105.6236585,$6716.22,2:14 AM,#ceb1f3
680,Gerry,Pipe,gpipeiv@netlog.com,Male,14.5570092,121.0388628,$60953.93,12:14 AM,#22ddfb
681,Dimitri,Faux,dfauxiw@nature.com,Male,-8.0450166,113.87632,$27774.34,9:23 AM,#52a5ed
682,Deeann,Rennenbach,drennenbachix@hc360.com,Female,-2.7201714,115.2719048,$46260.31,9:55 PM,#20aba5
683,Jeannette,O'Leagham,joleaghamiy@livejournal.com,Female,32.20427,35.13077,$37771.81,8:56 AM,#7e2dcf
684,Collin,Shelbourne,cshelbourneiz@studiopress.com,Male,-34.6488719,-56.0668126,$21641.53,5:11 AM,#081f56
685,Rhys,Windibank,rwindibankj0@w3.org,Male,7.5617699,125.6532848,$38946.33,1:40 PM,#8285fd
686,Ingaborg,Mulroy,imulroyj1@state.tx.us,Female,-25.2739709,32.8084496,$52850.54,6:17 AM,#79efa8
687,Townie,Bernadon,tbernadonj2@reddit.com,Male,49.1418733,15.673001,$20463.55,3:15 AM,#059535
688,Phylis,Halfpenny,phalfpennyj3@fastcompany.com,Female,28.353912,112.833836,$46052.27,9:44 PM,#dd8e25
689,Tracey,Quinevan,tquinevanj4@example.com,Female,32.360409,119.549352,$65015.39,12:57 AM,#736ac4
690,Sammie,Muro,smuroj5@npr.org,Male,54.11285,33.29648,$18112.39,7:08 PM,#6c0fef
691,Jeff,Ferrand,jferrandj6@craigslist.org,Male,36.1093631,103.694265,$29184.38,9:13 AM,#665242
692,Valle,O' Scallan,voscallanj7@vinaora.com,Male,35.490701,112.851831,$49137.52,6:53 PM,#fab26a
693,Devondra,Moline,dmolinej8@zdnet.com,Female,43.5162166,-5.664252,$82135.81,6:32 AM,#f861cf
694,Maren,Singh,msinghj9@craigslist.org,Female,-3.2575968,-41.0394028,$20135.10,7:19 PM,#2c5946
695,Adara,Duckers,aduckersja@newsvine.com,Female,12.3856506,125.3027214,$80197.09,12:13 AM,#59e877
696,Korey,Tzuker,ktzukerjb@slashdot.org,Male,4.7140373,114.6667939,$45433.94,4:19 AM,#af4790
697,Denise,Kneel,dkneeljc@pen.io,Female,24.916988,102.470972,$32097.32,6:32 PM,#3bd9b8
698,Stefano,Ceschini,sceschinijd@mozilla.org,Male,24.066095,108.664778,$7387.67,12:54 PM,#eb2f15
699,Joby,Verity,jverityje@washingtonpost.com,Female,48.3424531,24.5753746,$70840.05,6:20 PM,#bf2bec
700,Horatio,Elt,heltjf@opensource.org,Male,33.9850358,51.4099625,$77279.57,6:25 PM,#5236c3
701,Sibyl,Heijne,sheijnejg@aol.com,Female,8.3976116,14.1727518,$75723.50,4:58 AM,#f28770
702,Skipton,Puckrin,spuckrinjh@taobao.com,Male,51.6984754,20.934244,$18079.70,6:05 AM,#636040
703,Maury,Hernik,mhernikji@youtu.be,Male,50.494493,15.5150382,$15238.18,7:03 PM,#2aa23a
704,Putnem,Philpots,pphilpotsjj@ihg.com,Male,-10.7981117,122.9944636,$90296.44,2:55 PM,#c20a2d
705,Maurene,Dammarell,mdammarelljk@vkontakte.ru,Female,-24.1377718,19.1107114,$84565.02,5:43 PM,#c600cc
706,Iggy,Pledger,ipledgerjl@photobucket.com,Male,13.5742541,-89.2062985,$90096.45,1:18 AM,#b58ebd
707,Camala,Beades,cbeadesjm@wordpress.org,Female,43.47139,43.84694,$56566.25,12:32 PM,#b49254
708,Nil,Kennington,nkenningtonjn@sfgate.com,Male,45.130018,3.562575,$89905.53,12:55 PM,#b6c8fc
709,Patti,Bowhey,pbowheyjo@networkadvertising.org,Female,45.245678,40.8360129,$93770.70,8:30 AM,#cf025b
710,Ed,Hatfield,ehatfieldjp@umn.edu,Male,41.701706,48.2809323,$4713.30,6:56 AM,#e06e61
711,Martita,Hesbrook,mhesbrookjq@hp.com,Female,57.6593247,11.8915238,$66999.19,4:48 PM,#4bd1ec
712,Danya,Sayce,dsaycejr@gov.uk,Male,13.4833399,106.9801346,$41473.45,11:12 AM,#9af671
713,Arleta,O'Mahoney,aomahoneyjs@pbs.org,Female,-8.305583,116.3957812,$78530.79,3:17 AM,#6c05c1
714,Alexina,Roberto,arobertojt@timesonline.co.uk,Female,61.7927812,24.5525054,$42764.20,4:55 AM,#ff22e6
715,Elianora,Goodsir,egoodsirju@omniture.com,Female,9.7437515,1.1161166,$60410.30,8:29 AM,#926f30
716,Hadria,Furmonger,hfurmongerjv@quantcast.com,Female,32.1237809,114.1609454,$46594.48,10:56 PM,#25578e
717,Boniface,Steddall,bsteddalljw@gmpg.org,Genderqueer,43.8507498,131.8648449,$5518.45,11:54 AM,#991bb2
718,Donielle,Ertelt,derteltjx@uol.com.br,Female,-7.3090831,108.8511448,$60433.54,8:46 AM,#eb7aeb
719,Maisie,Blabey,mblabeyjy@bbb.org,Female,-11.6723638,-61.1984811,$51761.68,2:55 AM,#090a7b
720,Sibley,Letty,slettyjz@alexa.com,Female,26.6182735,127.9382594,$68774.70,4:49 PM,#0bdf98
721,Veronike,Wittering,vwitteringk0@networkadvertising.org,Female,49.3431786,16.2159455,$27028.12,7:32 AM,#25318f
722,Domeniga,Cordaroy,dcordaroyk1@hc360.com,Female,52.3723858,9.6890537,$64655.89,4:54 AM,#9be4d5
723,Zack,Tarbatt,ztarbattk2@icio.us,Male,52.3576375,4.7901227,$63514.88,3:33 PM,#2180d1
724,Christen,Pearmine,cpearminek3@trellian.com,Female,15.0365207,-86.8195237,$55588.83,7:44 AM,#5045c3
725,Ari,Trytsman,atrytsmank4@wikimedia.org,Male,45.788378,3.1331436,$29091.85,11:17 PM,#b3b371
726,Rafa,Sandlin,rsandlink5@ebay.com,Female,47.389969,122.738679,$86971.83,4:57 AM,#f7cfcd
727,Isador,Crips,icripsk6@scientificamerican.com,Male,37.005017,114.683863,$39848.84,2:52 AM,#ff793e
728,Mildred,Mattes,mmattesk7@nationalgeographic.com,Female,19.4102526,-99.0073673,$60556.88,2:49 AM,#5926b0
729,Jemie,Cadreman,jcadremank8@uiuc.edu,Female,-3.8008893,103.3587288,$63524.59,6:35 PM,#878a9c
730,Anson,Fitter,afitterk9@vkontakte.ru,Male,5.2711769,-3.5939254,$48082.67,6:09 PM,#653ea7
731,Tedi,Humbert,thumbertka@npr.org,Female,15.0072129,120.7038246,$41292.34,6:03 PM,#23f47b
732,Millie,Gandy,mgandykb@dell.com,Female,18.3093394,42.7662325,$29184.44,3:20 AM,#d226de
733,Sebastian,Skehens,sskehenskc@telegraph.co.uk,Male,11.5505858,41.4362457,$97128.95,5:19 PM,#00d526
734,Maybelle,Wipfler,mwipflerkd@nytimes.com,Female,-20.2418916,57.4895998,$27425.07,9:15 PM,#0b8cf5
735,Sheryl,Wyness,swynesske@etsy.com,Female,51.9500617,6.3130893,$77824.75,8:22 PM,#379ce0
736,Karlotta,Haggett,khaggettkf@joomla.org,Female,24.086165,115.451043,$21143.79,8:42 AM,#7eac28
737,Cordie,Coonihan,ccoonihankg@adobe.com,Male,-8.1991972,113.6353431,$71166.82,4:35 PM,#4f1969
738,Christan,Starkings,cstarkingskh@wikia.com,Female,39.2077209,46.4067952,$26707.27,7:05 PM,#dcebf9
739,Emmerich,Prattington,eprattingtonki@zimbio.com,Male,-10.9,39.33333,$11904.69,2:30 PM,#e76a4a
740,Katrina,Bolgar,kbolgarkj@friendfeed.com,Agender,35.8939566,117.9249002,$25215.77,4:39 AM,#e43d17
741,Baxy,Dellenbrok,bdellenbrokkk@google.it,Bigender,-26.1317461,28.2953986,$70131.38,6:29 PM,#3825ba
742,Allard,Persitt,apersittkl@hhs.gov,Male,42.741005,123.355701,$70658.27,3:09 AM,#c72b4a
743,Dewey,Kingett,dkingettkm@ucsd.edu,Male,44.5931785,132.7381046,$50793.82,11:16 PM,#f031ef
744,Michal,Enocksson,menockssonkn@wp.com,Female,23.157289,113.273288,$39130.21,6:18 AM,#40b3ab
745,Lizzy,Mirralls,lmirrallsko@yellowbook.com,Female,48.69682,2.567685,$3516.75,5:04 PM,#45a0c3
746,Benyamin,Carverhill,bcarverhillkp@opensource.org,Male,23.106401,113.459749,$97849.90,11:26 PM,#57cc9f
747,Davida,Chardin,dchardinkq@ning.com,Female,51.0377167,16.450466,$4708.97,12:06 PM,#7f1525
748,Jarib,Collumbell,jcollumbellkr@pen.io,Male,14.6100657,121.0078432,$41042.74,1:22 PM,#f9ba15
749,Graham,Hebbard,ghebbardks@gmpg.org,Male,-21.8324773,-46.8925845,$45966.80,7:31 AM,#b0e9e2
750,Claudian,Ferenc,cferenckt@huffingtonpost.com,Male,30.975215,101.127088,$4313.59,6:21 AM,#386e15
751,Collin,Senogles,csenoglesku@reuters.com,Male,38.5067706,-90.3766634,$97433.47,2:50 PM,#3b2c24
752,Kerk,Ewles,kewleskv@ameblo.jp,Male,-33.95115,-62.97238,$15157.80,12:17 AM,#c54aaa
753,Thatch,Kington,tkingtonkw@devhub.com,Bigender,-3.5564921,-80.4270885,$46546.89,4:21 PM,#3f89b7
754,Judy,Scamadine,jscamadinekx@nationalgeographic.com,Female,48.9175083,2.3514328,$74493.63,9:07 PM,#6a30bc
755,Lissi,Ivakhnov,livakhnovky@msu.edu,Female,42.5420213,-91.1118075,$5451.28,2:08 AM,#c84ec0
756,Ailbert,Braidwood,abraidwoodkz@telegraph.co.uk,Male,4.8615787,-74.0325368,$56529.73,5:47 AM,#61d979
757,Ruthie,Sexti,rsextil0@boston.com,Female,48.0386685,-2.9231898,$59733.91,11:26 PM,#d6f5ed
758,Prentice,Rudsdell,prudsdelll1@independent.co.uk,Male,44.1618902,18.3268323,$93169.40,3:41 PM,#b99b8c
759,Abe,Joskowicz,ajoskowiczl2@washingtonpost.com,Male,61.0502894,61.9767161,$16679.67,12:15 PM,#9c0cfe
760,Gilberte,Balling,gballingl3@fda.gov,Female,46.9874505,3.1506645,$1888.29,2:04 PM,#d012c1
761,Dawna,Cansdill,dcansdilll4@zdnet.com,Female,-7.1520459,108.5196028,$66945.71,7:20 AM,#0f2914
762,Ignace,Thomasset,ithomassetl5@nps.gov,Male,-6.2366306,106.7997862,$87250.89,1:37 AM,#566e5f
763,Glen,Ouslem,gousleml6@cnet.com,Female,55.931354,38.3911151,$68270.40,8:32 PM,#c4b882
764,Ivan,Ions,iionsl7@chronoengine.com,Male,-6.4296,105.935,$84951.43,7:45 PM,#d65207
765,Fredi,Boner,fbonerl8@jigsy.com,Female,41.04671,-8.52129,$61636.77,8:32 PM,#31e3fb
766,Chlo,Vaudin,cvaudinl9@weebly.com,Female,-8.690455,122.1348629,$51847.98,7:01 AM,#aaa322
767,Willy,Halloran,whalloranla@indiatimes.com,Male,45.1216628,19.0173647,$62386.59,10:28 AM,#3d8976
768,Pat,Petican,ppeticanlb@narod.ru,Female,36.285616,115.147814,$35899.54,12:32 PM,#4997e4
769,Ignacio,Joris,ijorislc@deviantart.com,Male,46.0531262,13.613736,$79132.11,7:23 PM,#4cce98
770,Iolanthe,Silverlock,isilverlockld@1und1.de,Female,50.2566859,18.1939394,$75051.86,12:47 PM,#786cb9
771,Benny,Hayfield,bhayfieldle@telegraph.co.uk,Female,34.5521789,136.5175749,$79089.15,5:00 AM,#634735
772,Colan,Haine,chainelf@bandcamp.com,Male,55.1065781,55.3377071,$26926.63,9:09 AM,#e016ec
773,Robb,Marusyak,rmarusyaklg@zdnet.com,Male,9.2964349,99.0571089,$59902.78,8:41 AM,#e5e55e
774,Nicolais,Andrew,nandrewlh@mozilla.org,Male,57.9282881,30.7057423,$32211.68,8:30 AM,#34d577
775,Viv,Polgreen,vpolgreenli@ezinearticles.com,Female,31.2633956,72.3110986,$62753.61,8:02 PM,#3c04b4
776,Ranna,Flintoffe,rflintoffelj@yahoo.co.jp,Female,50.3406189,21.050137,$25978.80,3:44 AM,#198f33
777,Starlene,Singers,ssingerslk@webmd.com,Female,51.5829309,4.7066416,$66965.30,8:09 PM,#5a074f
778,Auberta,Ballentime,aballentimell@so-net.ne.jp,Agender,45.783131,3.0742866,$68406.00,2:16 AM,#692c3b
779,Brett,Loughney,bloughneylm@java.com,Female,-7.3532,108.01,$76256.33,4:21 AM,#5421e7
780,Ree,Rolinson,rrolinsonln@trellian.com,Female,56.5288032,42.3295742,$41785.96,7:13 PM,#486165
781,Belicia,Lacer,blacerlo@paginegialle.it,Female,61.4559668,23.7382315,$91322.27,3:14 PM,#a953fb
782,Katrina,Lagadu,klagadulp@ehow.com,Female,40.761653,112.378894,$49266.61,5:06 PM,#58f435
783,Melita,Ungerecht,mungerechtlq@reference.com,Female,-30.7456924,-58.0135415,$27390.57,12:22 AM,#17a278
784,Hermie,Quesne,hquesnelr@themeforest.net,Male,47.6632745,1.206057,$8164.39,1:01 AM,#16138b
785,Renato,Hadaway,rhadawayls@imageshack.us,Male,59.9871162,15.8125817,$92937.43,2:54 AM,#a12c52
786,Glynn,Cossington,gcossingtonlt@apache.org,Male,51.8001,-114.63532,$6961.77,3:30 PM,#c5966b
787,Saraann,Penella,spenellalu@php.net,Agender,-13.4605423,24.9932143,$38802.38,6:08 AM,#4d38ec
788,Sarge,Piatkowski,spiatkowskilv@noaa.gov,Male,36.8456427,54.4393363,$58251.88,3:37 AM,#18d6b9
789,Halimeda,Scarlin,hscarlinlw@topsy.com,Female,31.654375,120.752481,$32921.43,11:44 PM,#2ecffb
790,Euell,Boothman,eboothmanlx@ucoz.ru,Male,47.0419512,8.3140814,$75256.26,7:19 PM,#1189c4
791,Hadrian,Dymock,hdymockly@tripod.com,Male,-6.9002217,112.1653766,$62335.28,12:10 AM,#532a7a
792,Stephana,Jasik,sjasiklz@issuu.com,Non-binary,-37.9973752,-57.5825246,$46315.09,5:59 AM,#91feeb
793,Fredelia,Hatterslay,fhatterslaym0@webs.com,Female,50.7020967,15.4437382,$98950.00,11:42 PM,#4192a4
794,Aurea,Kubecka,akubeckam1@japanpost.jp,Female,14.83361,43.53639,$98501.29,9:27 AM,#f94ed7
795,Pia,Gaddie,pgaddiem2@ebay.com,Female,19.482042,-99.1985584,$77461.98,7:30 AM,#c12044
796,Johnna,Faithorn,jfaithornm3@loc.gov,Female,35.556017,118.45146,$80188.76,3:56 AM,#4e67ea
797,Rurik,Pearch,rpearchm4@abc.net.au,Male,47.6120759,-122.1112721,$38026.34,1:13 PM,#42b78b
798,Fred,Galilee,fgalileem5@mapquest.com,Female,-41.172184,-71.437354,$7257.14,9:30 AM,#fa6e14
799,Glenda,Carloni,gcarlonim6@gmpg.org,Female,35.5205328,135.7708561,$11071.16,10:21 AM,#804e10
800,Collie,Frickey,cfrickeym7@weebly.com,Female,15.6823401,119.9406947,$91804.45,9:26 AM,#28b45c
801,Kermit,Colrein,kcolreinm8@bbc.co.uk,Male,-32.9285798,-60.6923382,$87899.60,9:15 AM,#66ba57
802,Goldia,Conradsen,gconradsenm9@paypal.com,Female,12.6107413,122.2756648,$73164.92,10:02 AM,#c2dc15
803,Del,Lauxmann,dlauxmannma@goo.ne.jp,Male,50.0897141,8.271907,$1527.53,9:26 AM,#986e2d
804,Arlee,Merriton,amerritonmb@bluehost.com,Female,-7.9211147,111.4946618,$19889.44,8:54 AM,#33aaa8
805,Kent,Blodgetts,kblodgettsmc@weebly.com,Male,8.7550575,-11.044307,$15319.11,1:53 PM,#0a0f8e
806,Akim,Elintune,aelintunemd@theglobeandmail.com,Genderqueer,-9.9275387,124.2254855,$23599.76,7:10 AM,#fd80ac
807,Larissa,Aslam,laslamme@chicagotribune.com,Female,47.3599545,6.3904955,$60065.45,6:07 AM,#a9c20e
808,Reagan,Lynch,rlynchmf@sogou.com,Male,50.3047644,15.1696238,$41809.19,8:45 PM,#180a20
809,Abdel,Stevens,astevensmg@miibeian.gov.cn,Male,24.588267,115.415276,$9949.94,2:10 AM,#ddfd9e
810,Wilmette,Alexsandrev,walexsandrevmh@google.ru,Female,53.3004898,-6.2634596,$52340.71,4:42 PM,#d246bb
811,Kaspar,Westphalen,kwestphalenmi@usgs.gov,Male,32.15363,35.27646,$5035.80,10:37 AM,#307166
812,Matti,McRobbie,mmcrobbiemj@blogtalkradio.com,Female,30.5651672,31.1578769,$51190.79,11:00 AM,#bf6ca7
813,Bendite,Terrington,bterringtonmk@ucoz.com,Polygender,45.8585463,39.6551933,$15452.80,7:42 PM,#e6ffd4
814,Herschel,felip,hfelipml@irs.gov,Male,-7.7976449,113.2305123,$64131.60,1:43 PM,#ee88e8
815,Claire,Mullinger,cmullingermm@canalblog.com,Female,58.5372113,15.0131752,$77709.67,8:31 AM,#4ed68f
816,Pattie,Baversor,pbaversormn@infoseek.co.jp,Male,3.1523104,101.7178316,$38795.37,2:37 PM,#3e6469
817,Cletus,Gibbeson,cgibbesonmo@example.com,Male,-7.0051453,110.4381254,$3534.22,8:22 PM,#5f9c7a
818,Tiphani,Harce,tharcemp@telegraph.co.uk,Female,-6.9654201,112.2443628,$72486.08,6:41 PM,#65d222
819,Ame,Hubbucks,ahubbucksmq@elpais.com,Female,10.3834377,124.9779153,$68012.86,2:06 AM,#6d9b37
820,Benjy,de Glanville,bdeglanvillemr@vinaora.com,Male,51.568154,85.555473,$69984.48,2:19 AM,#a72fa6
821,Sherry,Jenicke,sjenickems@oakley.com,Female,49.9467601,5.9721206,$49156.98,2:51 PM,#c50d2e
822,Trip,Coils,tcoilsmt@woothemes.com,Male,3.7187884,103.1357512,$65663.00,5:46 PM,#d6bc34
823,Tobin,Raynard,traynardmu@posterous.com,Male,24.960385,118.386279,$97195.95,9:02 AM,#56a91a
824,Geno,Tomalin,gtomalinmv@blinklist.com,Male,50.7338713,16.0708309,$68768.85,7:25 PM,#bb7d39
825,Clarice,Lotterington,clotteringtonmw@jigsy.com,Female,48.4691324,37.0871224,$70322.86,10:25 PM,#4e2c2a
826,Colin,Case,ccasemx@umich.edu,Male,-23.3969772,-46.9995522,$44577.22,2:47 PM,#34c1ab
827,Kippie,Pharoah,kpharoahmy@scribd.com,Female,-6.5347551,110.7122647,$14440.48,10:40 AM,#981102
828,Gino,Bowen,gbowenmz@infoseek.co.jp,Male,15.48277,120.58604,$47053.44,2:28 AM,#72393b
829,Merwyn,Lutwidge,mlutwidgen0@google.de,Male,19.9763524,42.5901672,$5426.07,4:06 AM,#399b4d
830,Aigneis,Rylatt,arylattn1@nba.com,Female,54.1347287,33.2921685,$32101.28,1:58 AM,#a3439b
831,Laureen,Corser,lcorsern2@mozilla.com,Female,9.3226016,13.393389,$23786.31,1:28 AM,#edce37
832,Tandi,Brecknock,tbrecknockn3@webeden.co.uk,Agender,58.8781209,14.9037055,$41499.01,7:34 PM,#a648e0
833,Filippo,Franzman,ffranzmann4@last.fm,Male,40.807399,44.4970268,$18136.49,6:22 PM,#9d7450
834,Daffy,Crayker,dcraykern5@hexun.com,Female,16.438508,103.5060994,$78133.42,12:26 AM,#3e67ad
835,Lindy,Nurdin,lnurdinn6@nasa.gov,Male,52.0990723,18.6045805,$51462.38,12:08 PM,#1c4273
836,Chicky,Nafzger,cnafzgern7@friendfeed.com,Male,48.94776,89.14358,$58503.61,1:54 AM,#340daf
837,Ed,Yanyshev,eyanyshevn8@multiply.com,Male,5.2052959,97.0686677,$84805.58,1:50 PM,#7f24d4
838,Dynah,Loades,dloadesn9@e-recht24.de,Female,26.709056,113.269441,$26424.70,9:38 PM,#ae0ca3
839,Alyson,Meddick,ameddickna@creativecommons.org,Female,-8.8536444,31.3655989,$74384.75,5:51 PM,#fbb759
840,Sarita,O'Hear,sohearnb@dyndns.org,Female,12.0560975,-61.7487996,$79177.17,1:30 AM,#c39fe4
841,Dode,Nairne,dnairnenc@europa.eu,Female,50.3237353,12.5174875,$49289.19,1:06 PM,#f6b30b
842,Lenna,Polglase,lpolglasend@marriott.com,Female,-29.56225,30.18109,$32521.49,1:02 PM,#68da7b
843,Heriberto,Fitchen,hfitchenne@theatlantic.com,Male,-8.509828,118.623299,$91724.29,8:16 AM,#eef248
844,Thibaud,Tonbye,ttonbyenf@jimdo.com,Male,36.3504119,127.3845475,$79730.17,2:47 PM,#9e617a
845,Tina,Antognazzi,tantognazzing@google.co.uk,Female,37.8163881,66.0285106,$24030.73,12:35 AM,#343f42
846,Bronson,Insworth,binsworthnh@sakura.ne.jp,Male,-43.6151881,172.2990584,$22770.35,12:14 PM,#2e9dbe
847,Ginelle,Lillico,glilliconi@domainmarket.com,Non-binary,28.099239,108.244145,$65649.41,11:15 PM,#8475dc
848,Susy,Milland,smillandnj@cmu.edu,Female,47.93,-97.03,$15225.85,2:18 AM,#ece419
849,Melessa,Reeders,mreedersnk@unicef.org,Female,-14.96441,-70.403374,$36842.32,1:35 AM,#090b15
850,Sherlock,Lillecrap,slillecrapnl@last.fm,Male,14.6279122,121.0034428,$42705.90,12:25 AM,#8dd604
851,Fanchette,Shyre,fshyrenm@myspace.com,Female,-27.1192795,29.9682719,$55569.26,5:06 AM,#0580e9
852,Nari,Bernakiewicz,nbernakiewicznn@samsung.com,Genderqueer,7.7102381,3.9190062,$24004.45,2:07 AM,#de3a21
853,Gawen,Wyper,gwyperno@scribd.com,Male,46.2052815,14.5391653,$70021.71,7:09 PM,#52f295
854,Owen,Cousans,ocousansnp@gmpg.org,Male,60.9464266,29.1348316,$28209.40,11:20 AM,#e0548b
855,Bethina,Farnham,bfarnhamnq@patch.com,Female,49.0702518,23.8543141,$84842.22,4:36 PM,#849739
856,Bald,Jelk,bjelknr@upenn.edu,Male,6.36115,126.17778,$74749.31,1:08 AM,#1d8d8e
857,Freemon,Arnefield,farnefieldns@phpbb.com,Male,-7.5202294,108.8432655,$88198.60,6:50 PM,#93fb3d
858,Alec,Gleed,agleednt@pen.io,Male,-7.7817534,-77.8688851,$25465.81,6:18 PM,#c772a7
859,Karmen,Wellstead,kwellsteadnu@walmart.com,Female,40.5784827,44.6998779,$73809.75,9:07 PM,#80afa0
860,Jermaine,Punt,jpuntnv@addthis.com,Male,12.241259,9.9073986,$76127.00,12:53 PM,#220b9e
861,Lillis,Fearfull,lfearfullnw@theguardian.com,Female,30.145729,120.589457,$29644.49,11:53 AM,#befd13
862,Lynelle,Eldritt,leldrittnx@hao123.com,Female,2.9362417,101.6991728,$94390.36,9:16 AM,#d207dc
863,Garner,Clemintoni,gclemintoniny@bloglovin.com,Male,38.8053198,-9.353007,$42664.63,9:56 PM,#3da74b
864,Carolina,Janny,cjannynz@reverbnation.com,Female,-32.947692,-60.6743215,$45445.87,1:58 PM,#703858
865,Allina,Prime,aprimeo0@wufoo.com,Female,6.5930772,124.6161575,$73123.75,4:56 AM,#2283dd
866,Lewes,Hastelow,lhastelowo1@state.gov,Male,17.9567646,-102.1943485,$87255.97,11:44 AM,#d70167
867,Lenna,Greenrod,lgreenrodo2@patch.com,Female,34.0661547,134.1688885,$81565.39,9:55 PM,#84b16f
868,Jacki,Marks,jmarkso3@cmu.edu,Female,39.5421345,-118.5736924,$81463.15,9:40 PM,#ebd034
869,Rudy,Fransman,rfransmano4@storify.com,Male,20.1566488,-76.947022,$59751.33,5:30 AM,#ff5c2e
870,Joseito,Louw,jlouwo5@home.pl,Male,28.4943597,-100.9185477,$20356.60,10:07 PM,#547666
871,Fiann,Colles,fcolleso6@psu.edu,Female,45.9018536,6.121072,$16398.92,8:43 AM,#ce3054
872,Robinet,Upex,rupexo7@wikimedia.org,Female,10.7908,124.014,$78342.90,2:42 AM,#50560b
873,Edvard,De Caville,edecavilleo8@pagesperso-orange.fr,Male,49.858677,18.9770856,$1386.17,4:19 AM,#039f23
874,Jason,Gooley,jgooleyo9@clickbank.net,Genderfluid,-27.3607338,-53.3963199,$67998.92,10:45 PM,#5391fa
875,Karlotta,Leve,kleveoa@europa.eu,Female,41.76,-72.69,$80876.21,7:23 AM,#72b6b8
876,Millard,Rosas,mrosasob@yandex.ru,Male,37.6086169,138.9089988,$68106.09,8:41 PM,#653c96
877,Hetty,Zorener,hzoreneroc@storify.com,Female,11.8816553,-15.6177942,$68223.69,5:13 PM,#e33920
878,Sholom,Simoncello,ssimoncellood@baidu.com,Male,6.9342148,79.8919811,$69895.06,10:22 PM,#c9ae6d
879,Brooks,Bodley,bbodleyoe@cbslocal.com,Male,31.375869,121.265374,$84748.00,3:36 PM,#5eb328
880,Naomi,Preddle,npreddleof@mozilla.com,Female,48.76688,-80.68307,$44047.76,4:28 AM,#f6b3a7
881,Frederico,Wallworth,fwallworthog@sina.com.cn,Male,-12.066752,-77.038116,$84844.48,8:15 AM,#64faaa
882,Rockwell,Faltin,rfaltinoh@ebay.co.uk,Male,-8.1883096,113.6472457,$68364.26,4:13 PM,#d5588a
883,Delphine,Sendall,dsendalloi@jimdo.com,Female,51.2701042,16.7076821,$92100.28,5:59 AM,#b5fd8c
884,Padgett,Maevela,pmaevelaoj@joomla.org,Male,37.2425649,111.8568586,$54678.77,12:43 PM,#ddf659
885,Carmelle,Baine,cbaineok@shareasale.com,Female,28.292519,117.245497,$10272.71,7:40 AM,#cb1173
886,Stefano,Statefield,sstatefieldol@nhs.uk,Male,11.144989,123.6441498,$81705.24,9:16 AM,#0c6c63
887,Elenore,Morrid,emorridom@feedburner.com,Female,32.5483419,120.4520149,$11148.19,3:46 AM,#a3868b
888,Kalli,McCarty,kmccartyon@google.pl,Non-binary,42.616208,141.5321435,$49436.27,5:44 PM,#e68912
889,Katya,Spellman,kspellmanoo@google.es,Female,34.26645,108.960747,$74092.85,4:23 AM,#890c6b
890,Sallyanne,Templar,stemplarop@ocn.ne.jp,Polygender,14.7292218,121.051001,$47701.55,2:14 AM,#474c2d
891,Edwina,Fairham,efairhamoq@google.com.hk,Female,19.4392516,-99.1636051,$47017.29,10:00 PM,#39b6e9
892,Noe,Cottisford,ncottisfordor@angelfire.com,Male,41.824796,123.44197,$96722.33,1:58 PM,#169162
893,Berni,Grimmer,bgrimmeros@privacy.gov.au,Female,44.780865,128.447649,$3659.26,9:30 AM,#81ffc3
894,Chaunce,Demange,cdemangeot@timesonline.co.uk,Male,13.8038957,100.647812,$87943.21,10:39 AM,#95ae00
895,Laughton,Olenikov,lolenikovou@feedburner.com,Male,24.8689579,67.0043278,$41342.02,12:47 AM,#962d37
896,Lazare,Snookes,lsnookesov@ucoz.com,Polygender,40.3779093,-7.8440342,$41408.82,5:23 PM,#b43e8e
897,Mohandas,Hambrook,mhambrookow@google.com.au,Male,14.6539775,121.0288525,$93177.67,1:02 PM,#a5a9b1
898,Finley,Drew-Clifton,fdrewcliftonox@wikimedia.org,Male,32.2187771,70.3898483,$15628.13,1:09 PM,#f22188
899,Anthony,Miranda,amirandaoy@netvibes.com,Male,18.2855395,99.5127895,$11271.38,12:22 AM,#4be79e
900,Brad,Wigan,bwiganoz@tuttocitta.it,Male,40.0611652,140.142219,$1204.75,9:21 PM,#a47fb6
901,Denise,Gelly,dgellyp0@elpais.com,Female,31.7338222,118.8719394,$65311.39,12:56 AM,#cb154e
902,Roth,Demeter,rdemeterp1@netlog.com,Agender,-19.8,32.866667,$74636.25,2:52 AM,#c5e86c
903,Rutter,Pigrome,rpigromep2@amazon.co.jp,Male,32.061895,102.990108,$88485.69,3:42 AM,#ccbc77
904,Dani,Skaid,dskaidp3@ted.com,Male,43.4945737,5.8978018,$20391.41,5:46 PM,#0251eb
905,Heywood,Bruty,hbrutyp4@fotki.com,Polygender,15.8800584,108.3380469,$75868.16,11:50 PM,#9b5a97
906,Roseann,Colgrave,rcolgravep5@booking.com,Female,3.2093353,101.6716295,$12779.74,8:00 AM,#877e49
907,Tabitha,Crackel,tcrackelp6@microsoft.com,Female,-7.4585953,107.6008169,$39205.18,1:03 AM,#223cb2
908,Angelita,Patley,apatleyp7@archive.org,Non-binary,2.0469343,45.3181623,$45898.00,1:21 AM,#f82337
909,Joice,Sandbrook,jsandbrookp8@nasa.gov,Female,-6.5654,106.3716,$6529.58,4:51 AM,#24a12f
910,Therine,Rosengarten,trosengartenp9@upenn.edu,Female,55.5446591,13.9636888,$99869.33,6:17 AM,#b15658
911,Ibbie,Lisciandro,ilisciandropa@github.com,Female,51.8051758,31.0940874,$16675.09,4:40 AM,#2446e2
912,Cecelia,De Pietri,cdepietripb@sfgate.com,Female,40.142128,94.661966,$58977.09,8:40 PM,#4f5640
913,Grayce,Evason,gevasonpc@rambler.ru,Female,-29.6247579,-50.8316868,$25357.66,11:08 PM,#d77f49
914,Andreana,Edward,aedwardpd@nasa.gov,Female,29.164409,116.78956,$93962.93,8:53 AM,#96f9fe
915,Edgard,Bertie,ebertiepe@etsy.com,Male,-7.594182,-78.466042,$8084.55,11:48 PM,#2a1118
916,Jacquie,Trass,jtrasspf@purevolume.com,Female,31.9797908,51.2946066,$63156.45,9:25 PM,#f7b380
917,Juline,Kowal,jkowalpg@cdbaby.com,Female,38.5261686,141.0953438,$36656.42,2:44 AM,#b4bc81
918,Andrea,Voelker,avoelkerph@yahoo.co.jp,Female,4.5827227,-74.2117465,$20194.12,4:10 PM,#0a871d
919,Renata,Jedrzejczak,rjedrzejczakpi@opera.com,Female,14.5919106,121.0228804,$7657.95,8:17 PM,#e9c9fb
920,Netty,Kittless,nkittlesspj@wunderground.com,Female,19.4052965,-99.1504583,$43628.81,4:44 PM,#e9a558
921,Mile,Langdridge,mlangdridgepk@yellowpages.com,Male,41.0911538,44.6590356,$4496.97,5:06 PM,#3b52aa
922,Yasmin,Vasyatkin,yvasyatkinpl@ask.com,Female,39.7164885,-77.7312977,$81025.95,2:08 PM,#9996f1
923,Chicky,Marzelle,cmarzellepm@cmu.edu,Female,-20.8890637,-48.6790007,$94721.48,5:14 AM,#0a3840
924,Levon,Maytom,lmaytompn@guardian.co.uk,Male,32.7014728,51.1559259,$80831.43,12:10 PM,#1ebac5
925,Simone,Rastrick,srastrickpo@prlog.org,Male,35.8523575,66.5223902,$58747.74,6:41 AM,#ba1127
926,Brok,Frosdick,bfrosdickpp@wp.com,Male,2.6378061,98.7150831,$49036.43,5:05 AM,#a8e7dc
927,Warde,Blaxton,wblaxtonpq@bloglovin.com,Male,52.8874021,30.0360311,$29040.06,11:10 AM,#2ce28d
928,Myrwyn,Odams,modamspr@sourceforge.net,Male,15.1858624,120.5896151,$46941.64,1:01 PM,#019959
929,Dagny,Bodycomb,dbodycombps@mozilla.org,Male,14.0119593,43.8673222,$67201.23,11:24 AM,#6eaa00
930,Maybelle,Jeacocke,mjeacockept@nba.com,Female,-24.068741,-46.6512239,$77437.61,3:59 AM,#b6909e
931,Nikkie,Pennini,npenninipu@cnet.com,Female,3.22059,-76.415465,$81121.24,11:29 AM,#0a9063
932,Rosco,Brigdale,rbrigdalepv@dmoz.org,Male,45.1248093,133.3129158,$10829.51,9:02 PM,#7fa733
933,Lucia,Gurr,lgurrpw@blogtalkradio.com,Female,-8.7458539,121.8505679,$62847.09,8:36 AM,#6ce086
934,Reggis,Ianno,riannopx@army.mil,Male,-6.2960156,106.8783167,$63754.67,2:13 AM,#a14877
935,Nadia,Lelande,nlelandepy@ox.ac.uk,Female,7.5038886,122.8564594,$30876.31,9:48 PM,#88df47
936,Derron,Freak,dfreakpz@paginegialle.it,Male,14.972892,8.8831506,$17073.63,2:27 PM,#848189
937,Robinia,Izachik,rizachikq0@ifeng.com,Polygender,21.121444,106.1110501,$23377.27,7:49 AM,#ba3b21
938,Margi,Daish,mdaishq1@lycos.com,Female,27.0568,27.96979,$65530.75,12:55 AM,#5ae5b1
939,Christie,Dando,cdandoq2@gizmodo.com,Male,35.6963947,139.6800321,$70657.72,1:12 AM,#e15a62
940,Miriam,Hazle,mhazleq3@virginia.edu,Genderqueer,38.4324927,22.4259628,$31407.32,4:51 PM,#d751e0
941,Fawn,Curner,fcurnerq4@addtoany.com,Female,39.4721645,-8.5034561,$98123.96,3:08 PM,#ef215a
942,Lucilia,Frankiewicz,lfrankiewiczq5@fda.gov,Female,-6.21956,106.92596,$6011.48,12:41 PM,#52b539
943,Hyacintha,Severns,hsevernsq6@chicagotribune.com,Female,14.6628087,-87.7787929,$54020.27,2:52 AM,#ebe597
944,Derron,Dundon,ddundonq7@ning.com,Male,30.964593,120.780294,$26394.22,9:29 PM,#833719
945,Dulciana,McIlvaney,dmcilvaneyq8@ucla.edu,Female,10.465258,16.7337841,$88744.82,3:42 PM,#03bd1a
946,Lisetta,Woolpert,lwoolpertq9@slate.com,Female,52.1828337,19.4568355,$58973.98,1:48 AM,#fb70d3
947,Janek,Cromley,jcromleyqa@forbes.com,Male,-29.4478273,31.2182778,$85771.08,6:32 AM,#d459a0
948,Brent,Yallop,byallopqb@cdc.gov,Male,44.4693308,19.8223207,$26487.72,2:26 AM,#13640d
949,Dame,Rosell,drosellqc@mit.edu,Male,41.2404491,44.8236089,$52387.11,3:37 PM,#eee4fc
950,Thibaut,Raise,traiseqd@chicagotribune.com,Male,10.6868176,-12.2490697,$53397.81,9:55 PM,#c1a05a
951,Rikki,Cator,rcatorqe@homestead.com,Male,-8.6842819,115.1829629,$21096.94,3:53 PM,#ccae14
952,Sheri,Jemmett,sjemmettqf@sbwire.com,Female,43.7359241,7.4171811,$90145.94,4:26 PM,#af7822
953,Nanny,Hendrickson,nhendricksonqg@marriott.com,Female,5.4197312,100.3170452,$67150.58,12:36 PM,#82a1c5
954,Gaylor,Dosdill,gdosdillqh@lycos.com,Male,18.4305759,-69.9663985,$27420.18,2:44 PM,#50d489
955,Riki,Roullier,rroullierqi@yellowpages.com,Female,3.116134,101.664881,$95157.41,7:22 PM,#64654e
956,Eal,Tulleth,etullethqj@mysql.com,Male,50.3633974,25.1107867,$92462.77,6:43 AM,#b13986
957,Kaja,Tompkin,ktompkinqk@meetup.com,Female,15.6658463,120.8360762,$86603.52,10:04 PM,#aee75b
958,Joellyn,Mariet,jmarietql@microsoft.com,Female,48.0951271,114.5356247,$97534.41,1:05 AM,#d7a08a
959,Lisabeth,Davis,ldavisqm@unblog.fr,Female,14.7292218,121.051001,$43332.13,12:53 PM,#625763
960,Ravi,Mays,rmaysqn@marriott.com,Male,26.308284,119.677154,$89397.17,1:42 AM,#caf1eb
961,Gordy,Haisell,ghaisellqo@nhs.uk,Male,-1.259553,104.100502,$92925.86,4:55 PM,#126f81
962,Sidonia,Gromley,sgromleyqp@free.fr,Female,24.625561,118.431541,$14891.44,11:01 AM,#9253d9
963,Nickie,Jerman,njermanqq@illinois.edu,Female,14.6046369,121.0526928,$74588.09,5:19 AM,#317841
964,Lorraine,Yerborn,lyerbornqr@jalbum.net,Female,59.9382805,30.3066377,$25783.18,2:37 AM,#5aab5d
965,Simona,Quixley,squixleyqs@columbia.edu,Female,55.0868852,82.6436105,$25940.01,8:45 AM,#1596a3
966,Tremain,Whaley,twhaleyqt@clickbank.net,Male,-7.0976672,109.0215438,$18599.13,5:10 PM,#e7d92b
967,Mitchael,Wrench,mwrenchqu@e-recht24.de,Male,-6.551202,-42.2165112,$34840.97,11:00 AM,#de0858
968,Brock,Sherington,bsheringtonqv@cargocollective.com,Male,-6.6,-78.016667,$51277.78,2:38 PM,#6df424
969,Bendix,McNevin,bmcnevinqw@t.co,Male,-28.3276327,-50.9289246,$28064.19,4:42 PM,#7f510a
970,Shara,Birch,sbirchqx@go.com,Female,60.0114861,15.7899671,$93850.31,9:07 PM,#f21f96
971,Kit,Jupp,kjuppqy@dot.gov,Male,48.7276331,2.281825,$39899.28,9:07 AM,#47f534
972,Cass,Hacun,chacunqz@sogou.com,Agender,-10.1331,123.906,$62672.41,2:04 AM,#46ed22
973,Jeannette,Sautter,jsautterr0@ted.com,Female,47.5619629,-0.9147447,$73514.42,9:45 PM,#48a36e
974,Maximilianus,Simeon,msimeonr1@deliciousdays.com,Male,-34.5903044,-58.4985279,$92389.16,2:26 PM,#90cd6c
975,Philip,Tarquinio,ptarquinior2@blinklist.com,Male,23.365556,116.70345,$63941.05,9:02 AM,#41ec3a
976,Mayor,Amesbury,mamesburyr3@sourceforge.net,Male,30.03312,120.868122,$14585.41,6:35 PM,#ff8a5d
977,Cheri,Iannini,cianninir4@accuweather.com,Female,41.244729,-96.3966046,$77159.05,6:12 AM,#960b46
978,Shawn,Wankling,swanklingr5@princeton.edu,Male,-6.227136,106.7963623,$25406.99,1:52 AM,#e88654
979,Fina,Antrag,fantragr6@mozilla.org,Female,35.761829,115.029215,$60319.38,6:54 AM,#2c6253
980,Demetris,Bacop,dbacopr7@salon.com,Male,-6.2839964,106.7895416,$33862.53,10:43 AM,#f5e988
981,Harwell,Molineaux,hmolineauxr8@nhs.uk,Male,16.0125041,100.5971361,$75499.03,9:41 AM,#c3d096
982,Marcelline,Juckes,mjuckesr9@is.gd,Female,50.216501,21.6671416,$69542.52,10:08 PM,#90869f
983,Adolphus,Whitloe,awhitloera@wordpress.com,Male,12.3437798,121.3345788,$40133.18,11:19 AM,#58da50
984,Finley,Adamovsky,fadamovskyrb@gnu.org,Male,-31.4573007,-60.8950764,$36431.02,4:39 AM,#c32fd7
985,Doro,Burdas,dburdasrc@state.tx.us,Female,45.5913301,-62.6451102,$69003.36,3:12 AM,#c79a4f
986,Ally,Mussotti,amussottird@si.edu,Female,27.3980151,-80.3714326,$33876.91,10:58 AM,#7715b3
987,Maddie,Davidge,mdavidgere@pen.io,Male,41.9121057,22.4068944,$52747.28,4:59 AM,#7239fb
988,Benjamin,Shurman,bshurmanrf@home.pl,Male,48.8231572,103.5218199,$25747.06,8:04 AM,#ca984c
989,Russell,Matijasevic,rmatijasevicrg@flavors.me,Male,18.3381615,-99.5485736,$35927.03,11:48 AM,#594614
990,Vince,Adanet,vadanetrh@msu.edu,Male,-33.5020548,-58.7986641,$14499.93,10:15 PM,#2dd486
991,Bettina,Bonnell,bbonnellri@themeforest.net,Female,52.8416063,53.4831411,$93027.75,2:03 AM,#afe774
992,Ninnette,Kelwick,nkelwickrj@people.com.cn,Female,59.5336088,18.0725818,$45365.20,7:24 AM,#3f892a
993,Friedrich,Cannell,fcannellrk@dmoz.org,Male,14.5707891,121.0272495,$93930.54,9:26 AM,#f6d563
994,Ninetta,Tee,nteerl@naver.com,Female,44.8601051,78.7628605,$47405.25,6:29 AM,#aada0e
995,Janna,Doucette,jdoucetterm@tuttocitta.it,Female,24.777412,108.904706,$94348.94,8:02 PM,#fd5088
996,Nickola,Mountcastle,nmountcastlern@nationalgeographic.com,Male,24.9372186,118.6422409,$15441.26,2:28 AM,#f39cbf
997,Neddie,Davers,ndaversro@amazon.co.jp,Male,40.6238989,122.5200228,$27528.45,6:48 AM,#f190f1
998,Lodovico,Reedie,lreedierp@illinois.edu,Male,15.2904851,-86.9135745,$3674.91,6:32 PM,#faae73
999,Courtney,Calf,ccalfrq@cbsnews.com,Female,-2.4659779,28.817249,$21853.25,1:53 AM,#88014a
1000,Ramse,Axtonne,raxtonnerr@sitemeter.com,Male,48.6688151,22.7524961,$26578.40,2:18 PM,#6a867c
